,CustomerId,Exited
0,15634602,0
1,15647311,0
2,15619304,0
3,15701354,0
4,15737888,0
5,15574012,0
6,15592531,0
7,15656148,0
8,15792365,0
9,15592389,0
10,15767821,1
11,15737173,1
12,15632264,1
13,15691483,0
14,15600882,0
15,15643966,0
16,15737452,0
17,15788218,0
18,15661507,0
19,15568982,0
20,15577657,0
21,15597945,0
22,15699309,0
23,15725737,0
24,15625047,0
25,15738191,0
26,15736816,0
27,15700772,0
28,15728693,0
29,15656300,0
30,15589475,0
31,15706552,0
32,15750181,0
33,15659428,0
34,15732963,0
35,15794171,1
36,15788448,0
37,15729599,0
38,15717426,0
39,15585768,0
40,15619360,0
41,15738148,1
42,15687946,0
43,15755196,0
44,15684171,0
45,15754849,0
46,15602280,0
47,15771573,0
48,15766205,0
49,15771873,0
50,15616550,0
51,15768193,0
52,15683553,0
53,15702298,0
54,15569590,1
55,15760861,0
56,15630053,0
57,15647091,0
58,15623944,1
59,15804771,0
60,15651280,0
61,15773469,0
62,15702014,0
63,15751208,0
64,15592461,0
65,15789484,0
66,15696061,0
67,15641582,0
68,15638424,1
69,15755648,0
70,15703793,0
71,15620344,1
72,15812518,1
73,15779052,0
74,15770811,0
75,15780961,0
76,15614049,0
77,15662085,0
78,15575185,0
79,15803136,0
80,15706021,0
81,15663706,0
82,15641732,0
83,15701164,0
84,15738751,0
85,15805254,0
86,15762418,1
87,15625759,0
88,15622897,0
89,15767954,0
90,15757535,0
91,15731511,1
92,15809248,0
93,15640635,0
94,15676966,0
95,15699461,0
96,15738721,0
97,15693683,0
98,15604348,0
99,15633059,0
100,15808582,1
101,15743192,1
102,15580146,0
103,15776605,0
104,15804919,0
105,15613854,0
106,15599195,0
107,15812878,0
108,15602312,0
109,15744689,1
110,15803526,0
111,15665790,1
112,15715951,0
113,15591100,0
114,15609618,0
115,15675522,0
116,15705512,0
117,15698028,0
118,15661670,1
119,15600781,1
120,15682472,1
121,15580203,0
122,15690673,0
123,15760085,0
124,15779659,0
125,15627360,0
126,15671137,0
127,15782688,0
128,15575492,0
129,15591607,1
130,15740404,0
131,15718369,0
132,15677871,0
133,15642004,0
134,15712543,0
135,15584518,0
136,15802381,0
137,15610156,0
138,15594408,0
139,15640905,0
140,15698932,0
141,15724944,0
142,15628145,0
143,15713483,0
144,15612350,0
145,15800703,0
146,15705707,0
147,15754105,1
148,15703264,0
149,15794413,0
150,15650237,0
151,15759618,0
152,15811589,0
153,15689044,0
154,15709368,0
155,15679145,0
156,15655007,0
157,15623595,0
158,15589975,0
159,15804017,0
160,15692132,0
161,15641122,0
162,15630910,0
163,15680772,0
164,15658929,0
165,15585388,0
166,15724623,0
167,15588537,0
168,15574692,1
169,15611325,0
170,15587562,0
171,15613172,0
172,15651022,1
173,15586310,0
174,15625524,0
175,15755209,0
176,15645248,0
177,15790355,0
178,15762615,0
179,15625426,0
180,15716334,0
181,15789669,0
182,15621075,0
183,15810845,1
184,15719377,0
185,15654506,0
186,15771977,0
187,15708710,0
188,15726676,0
189,15587421,0
190,15726931,0
191,15771086,0
192,15756850,0
193,15702741,0
194,15679200,1
195,15594815,1
196,15635905,0
197,15777892,0
198,15656176,0
199,15811127,0
200,15604482,0
201,15622911,0
202,15600974,0
203,15727868,0
204,15627801,0
205,15773039,0
206,15755262,0
207,15679531,0
208,15684181,0
209,15612087,0
210,15752047,0
211,15624592,0
212,15573152,1
213,15594917,0
214,15785542,0
215,15723488,0
216,15680920,0
217,15786308,0
218,15659366,1
219,15774854,0
220,15725311,0
221,15787155,0
222,15727829,0
223,15733247,0
224,15568748,1
225,15699029,1
226,15774393,0
227,15676895,0
228,15637753,0
229,15605461,0
230,15808473,0
231,15627000,1
232,15787174,0
233,15723886,0
234,15704769,0
235,15772896,0
236,15711540,0
237,15764866,0
238,15794056,0
239,15795149,0
240,15812009,0
241,15651001,0
242,15813844,0
243,15596175,0
244,15576269,1
245,15797219,0
246,15685500,0
247,15599792,0
248,15657566,0
249,15772423,1
250,15628112,0
251,15753754,0
252,15793726,0
253,15694717,1
254,15665834,0
255,15765297,0
256,15636684,0
257,15592979,0
258,15750803,0
259,15607178,0
260,15713853,1
261,15673481,0
262,15686776,0
263,15673693,1
264,15700696,1
265,15813163,0
266,15653857,0
267,15777076,0
268,15717398,0
269,15799217,0
270,15787071,0
271,15619955,0
272,15796505,0
273,15725166,0
274,15800116,0
275,15758685,1
276,15694456,0
277,15767339,0
278,15683562,1
279,15782210,0
280,15668893,0
281,15669169,1
282,15643024,0
283,15699389,0
284,15708608,0
285,15626144,0
286,15573112,0
287,15790678,0
288,15727556,0
289,15697307,0
290,15652266,0
291,15607098,0
292,15655774,1
293,15590241,0
294,15785819,0
295,15723654,0
296,15774510,0
297,15684173,0
298,15650068,0
299,15811490,0
300,15803976,0
301,15682541,0
302,15695699,0
303,15624188,0
304,15812191,0
305,15636673,0
306,15594898,0
307,15660211,0
308,15773972,0
309,15746726,0
310,15712287,1
311,15702919,0
312,15674398,0
313,15797960,0
314,15631868,0
315,15581539,0
316,15662736,0
317,15666252,0
318,15677512,0
319,15626114,0
320,15810834,1
321,15678910,0
322,15694408,0
323,15585215,0
324,15682757,1
325,15736601,0
326,15601848,0
327,15736008,1
328,15669064,0
329,15624528,0
330,15598493,0
331,15601274,0
332,15702669,0
333,15728669,0
334,15742668,0
335,15697441,0
336,15740476,0
337,15648064,0
338,15636624,0
339,15807923,1
340,15745844,0
341,15786170,0
342,15681081,0
343,15684484,0
344,15785869,0
345,15763859,0
346,15658935,0
347,15747358,0
348,15735203,0
349,15576256,0
350,15659420,0
351,15593365,0
352,15777352,0
353,15812007,0
354,15625461,0
355,15739438,0
356,15611759,0
357,15661629,0
358,15633950,0
359,15592386,0
360,15803716,0
361,15696674,0
362,15706365,0
363,15745088,1
364,15676715,0
365,15613085,0
366,15633537,0
367,15594720,0
368,15684042,1
369,15583303,0
370,15611579,0
371,15774696,0
372,15694506,0
373,15688074,0
374,15759537,0
375,15758449,0
376,15583456,0
377,15667871,0
378,15677371,0
379,15629677,0
380,15713578,0
381,15591509,0
382,15568240,0
383,15622993,0
384,15689294,1
385,15720910,0
386,15721181,0
387,15776433,0
388,15748936,0
389,15717225,0
390,15685226,1
391,15785611,0
392,15573456,1
393,15684548,1
394,15620505,0
395,15807432,0
396,15584766,0
397,15612187,0
398,15762218,0
399,15646372,0
400,15690452,1
401,15747795,0
402,15781589,0
403,15732674,0
404,15642291,0
405,15692761,0
406,15578045,0
407,15745354,1
408,15701376,0
409,15691625,0
410,15566594,0
411,15760431,0
412,15686302,0
413,15801559,0
414,15810432,1
415,15809616,0
416,15720559,0
417,15695632,0
418,15659843,0
419,15615624,0
420,15810418,0
421,15716186,0
422,15674551,0
423,15622834,0
424,15566111,0
425,15784597,0
426,15652883,1
427,15806964,0
428,15576313,0
429,15806467,1
430,15597602,0
431,15743040,0
432,15705521,0
433,15595039,0
434,15799384,0
435,15581197,0
436,15693737,0
437,15624623,0
438,15783501,0
439,15690134,1
440,15782735,0
441,15611088,0
442,15672145,0
443,15732628,0
444,15787470,0
445,15803406,0
446,15730460,0
447,15644572,0
448,15694860,0
449,15658169,0
450,15794396,0
451,15785798,0
452,15710825,0
453,15668444,0
454,15726631,0
455,15733797,0
456,15747960,0
457,15634632,0
458,15707362,0
459,15662976,0
460,15732778,0
461,15718443,0
462,15670039,0
463,15773792,0
464,15613786,0
465,15726032,0
466,15663252,0
467,15593782,0
468,15633283,0
469,15749167,0
470,15759298,0
471,15683625,0
472,15635367,0
473,15681705,0
474,15603156,0
475,15591986,0
476,15798888,0
477,15809722,1
478,15677538,0
479,15797736,0
480,15695585,0
481,15744398,0
482,15750658,0
483,15578186,0
484,15676519,1
485,15637954,0
486,15758639,0
487,15613772,0
488,15731744,0
489,15807709,0
490,15714689,0
491,15699005,0
492,15624170,0
493,15725679,0
494,15585865,0
495,15804256,0
496,15662403,0
497,15733616,0
498,15591995,0
499,15677020,1
500,15727688,0
501,15715941,0
502,15714485,0
503,15730059,0
504,15715527,0
505,15576623,0
506,15805565,1
507,15677307,0
508,15773890,1
509,15598883,0
510,15568506,0
511,15761043,0
512,15782236,1
513,15593601,0
514,15682048,0
515,15746902,0
516,15752081,0
517,15781307,0
518,15775912,0
519,15745417,0
520,15671256,0
521,15653547,0
522,15595766,0
523,15742358,0
524,15763274,0
525,15786063,0
526,15600258,1
527,15573318,0
528,15653849,0
529,15694272,0
530,15736112,0
531,15749851,0
532,15663478,0
533,15592300,0
534,15567832,0
535,15776780,1
536,15592846,0
537,15739803,0
538,15794142,0
539,15762729,0
540,15667896,0
541,15626578,0
542,15776223,0
543,15705953,1
544,15802593,1
545,15615457,0
546,15708916,0
547,15720187,0
548,15595440,0
549,15600651,0
550,15750141,0
551,15657284,0
552,15763063,0
553,15709324,0
554,15711309,0
555,15775318,0
556,15705515,0
557,15634844,0
558,15717046,0
559,15571816,0
560,15670080,0
561,15800440,1
562,15665678,0
563,15665956,0
564,15788126,0
565,15811773,0
566,15651674,1
567,15689614,0
568,15795564,1
569,15706647,0
570,15728505,0
571,15730076,0
572,15622003,1
573,15607312,0
574,15644753,0
575,15653620,0
576,15761986,0
577,15633922,0
578,15734674,0
579,15658032,0
580,15692671,0
581,15737741,0
582,15576352,0
583,15753719,0
584,15803689,0
585,15718057,0
586,15722010,0
587,15680998,0
588,15614782,1
589,15591047,0
590,15788291,0
591,15604044,0
592,15679587,0
593,15775153,0
594,15603925,1
595,15680970,0
596,15697183,0
597,15567446,0
598,15637476,0
599,15714939,1
600,15683503,0
601,15645569,0
602,15782569,0
603,15592387,0
604,15609286,0
605,15814035,0
606,15661249,0
607,15629117,0
608,15607170,0
609,15586585,0
610,15686611,0
611,15603203,0
612,15619857,0
613,15805062,0
614,15660271,0
615,15745295,0
616,15719352,0
617,15766575,1
618,15594594,0
619,15646161,0
620,15682585,0
621,15603134,0
622,15636444,0
623,15773456,0
624,15745307,0
625,15604119,0
626,15626900,0
627,15605447,0
628,15589030,0
629,15692463,0
630,15712403,0
631,15811762,0
632,15718673,0
633,15724282,0
634,15738181,0
635,15633648,0
636,15603323,0
637,15583725,0
638,15588350,1
639,15798398,1
640,15784844,0
641,15580684,0
642,15809663,0
643,15640078,0
644,15698786,0
645,15569807,0
646,15730830,0
647,15805112,0
648,15633064,0
649,15703119,0
650,15730447,1
651,15813850,0
652,15711889,0
653,15664610,0
654,15751710,0
655,15692926,0
656,15813741,0
657,15698474,0
658,15568595,0
659,15603065,1
660,15592937,0
661,15699637,0
662,15667215,1
663,15788659,0
664,15763218,1
665,15645772,0
666,15725511,0
667,15575024,0
668,15640825,0
669,15662397,0
670,15576368,0
671,15674991,0
672,15721024,0
673,15745621,0
674,15642394,0
675,15754605,0
676,15607040,0
677,15715142,0
678,15810978,0
679,15668886,1
680,15780804,1
681,15613880,0
682,15775238,0
683,15786905,1
684,15747867,0
685,15600337,0
686,15801277,0
687,15579334,0
688,15802741,0
689,15720649,0
690,15589493,0
691,15688251,0
692,15665238,0
693,15740900,1
694,15681068,0
695,15748625,0
696,15727299,0
697,15620204,0
698,15669516,1
699,15736534,0
700,15803457,0
701,15659098,0
702,15603436,0
703,15566292,0
704,15808621,0
705,15580148,0
706,15776231,0
707,15773809,0
708,15649423,0
709,15734886,0
710,15722548,0
711,15650288,0
712,15629448,0
713,15716164,0
714,15807609,0
715,15578977,0
716,15677369,0
717,15804072,0
718,15696859,0
719,15653780,0
720,15721658,1
721,15578761,0
722,15736879,0
723,15571973,0
724,15626742,0
725,15672692,0
726,15673570,0
727,15767432,0
728,15654238,1
729,15612525,0
730,15812750,0
731,15790757,1
732,15723873,0
733,15744607,0
734,15612966,0
735,15784209,0
736,15794278,0
737,15766741,0
738,15661036,0
739,15705639,0
740,15637414,0
741,15716835,0
742,15696231,0
743,15641675,0
744,15670755,0
745,15640059,1
746,15787619,0
747,15587535,0
748,15813034,0
749,15698839,0
750,15790314,0
751,15634245,0
752,15677305,0
753,15661526,0
754,15685997,1
755,15660101,0
756,15637979,0
757,15815364,0
758,15647099,0
759,15625944,0
760,15583212,0
761,15582741,0
762,15637876,0
763,15622750,0
764,15672056,0
765,15812351,0
766,15810864,0
767,15677921,1
768,15724296,0
769,15685329,1
770,15584091,0
771,15640442,0
772,15639314,0
773,15685320,0
774,15789158,0
775,15752137,1
776,15712551,1
777,15628936,0
778,15797227,0
779,15769974,0
780,15737051,0
781,15585595,0
782,15654060,0
783,15745196,0
784,15571221,0
785,15660155,0
786,15605284,1
787,15694366,0
788,15600739,0
789,15653253,0
790,15763431,1
791,15643696,0
792,15707473,0
793,15769504,0
794,15776807,1
795,15686870,0
796,15668747,0
797,15766908,0
798,15570134,0
799,15567367,0
800,15747542,0
801,15762238,0
802,15681554,0
803,15712825,0
804,15640280,0
805,15756026,1
806,15613319,0
807,15798906,0
808,15708917,1
809,15778463,0
810,15699430,0
811,15649992,0
812,15578980,0
813,15775306,0
814,15641655,0
815,15619708,0
816,15734565,0
817,15806438,0
818,15591969,0
819,15747807,0
820,15596939,0
821,15716155,0
822,15765311,0
823,15757811,0
824,15603830,1
825,15660602,0
826,15660535,0
827,15666633,1
828,15596914,0
829,15639788,0
830,15695846,0
831,15726234,0
832,15797964,0
833,15625881,0
834,15780628,0
835,15575883,0
836,15585036,0
837,15589488,0
838,15585888,0
839,15727915,0
840,15707567,0
841,15737792,0
842,15599433,0
843,15672012,0
844,15806983,1
845,15592222,0
846,15608968,0
847,15586959,0
848,15646558,0
849,15725811,0
850,15572265,0
851,15794048,1
852,15677610,0
853,15745012,0
854,15601589,0
855,15686436,0
856,15693864,0
857,15760550,0
858,15686137,0
859,15809087,0
860,15807663,0
861,15809100,0
862,15794916,0
863,15614215,0
864,15805449,0
865,15686983,0
866,15808017,0
867,15756804,0
868,15646810,0
869,15710424,0
870,15799422,0
871,15692750,0
872,15794549,0
873,15803764,0
874,15674840,0
875,15653762,0
876,15581229,0
877,15800228,0
878,15656333,0
879,15697497,0
880,15585362,0
881,15571928,0
882,15785519,1
883,15743007,0
884,15777211,0
885,15721935,0
886,15591711,0
887,15625021,0
888,15702968,0
889,15600462,0
890,15768104,0
891,15780140,0
892,15585255,0
893,15772781,0
894,15669987,0
895,15697000,0
896,15733119,0
897,15782390,0
898,15654700,0
899,15632210,1
900,15642041,0
901,15709737,0
902,15792388,0
903,15786014,0
904,15794580,0
905,15675964,0
906,15814275,0
907,15724848,1
908,15754713,0
909,15693814,1
910,15599660,0
911,15746490,0
912,15566091,0
913,15655961,1
914,15710404,0
915,15775625,0
916,15792328,0
917,15719856,0
918,15593773,0
919,15733114,0
920,15797748,1
921,15743411,1
922,15753337,0
923,15601026,0
924,15658485,0
925,15636731,0
926,15628303,1
927,15633461,0
928,15677135,0
929,15590876,1
930,15790782,0
931,15700476,1
932,15634141,0
933,15737795,0
934,15790299,0
935,15675316,0
936,15613630,0
937,15662100,0
938,15668032,0
939,15599289,0
940,15754084,0
941,15676521,1
942,15804586,0
943,15781465,0
944,15729362,0
945,15709295,1
946,15745324,0
947,15741336,0
948,15783659,1
949,15620981,0
950,15630328,0
951,15785899,1
952,15606149,0
953,15671139,0
954,15660429,0
955,15571002,0
956,15631681,0
957,15731522,0
958,15619529,1
959,15628034,0
960,15686164,0
961,15582797,0
962,15753831,0
963,15731815,1
964,15580956,0
965,15602084,0
966,15589805,0
967,15720893,0
968,15641009,0
969,15605926,0
970,15805955,0
971,15801488,0
972,15605918,0
973,15779711,0
974,15705620,0
975,15685357,0
976,15570060,1
977,15582616,0
978,15799515,0
979,15642937,0
980,15624729,0
981,15566156,0
982,15792360,0
983,15807008,0
984,15704770,0
985,15756475,0
986,15655339,0
987,15613749,1
988,15664521,0
989,15681206,0
990,15745527,0
991,15806926,0
992,15724563,0
993,15782899,0
994,15623521,0
995,15810218,1
996,15645621,0
997,15608114,0
998,15659557,0
999,15787772,1
1000,15691111,0
1001,15592089,0
1002,15633897,0
1003,15701301,0
1004,15723685,1
1005,15701602,0
1006,15739189,0
1007,15573086,1
1008,15569050,0
1009,15750765,0
1010,15799811,0
1011,15698442,0
1012,15655274,0
1013,15603594,0
1014,15585961,0
1015,15686936,0
1016,15770424,1
1017,15587451,0
1018,15602010,0
1019,15600583,0
1020,15654673,0
1021,15717164,0
1022,15765014,0
1023,15682639,0
1024,15729279,0
1025,15759805,0
1026,15767864,0
1027,15769948,0
1028,15686345,0
1029,15688071,0
1030,15681174,0
1031,15667521,0
1032,15750243,0
1033,15695475,0
1034,15689176,0
1035,15652955,0
1036,15668958,0
1037,15631054,1
1038,15581479,1
1039,15577478,0
1040,15780870,1
1041,15692317,0
1042,15593969,0
1043,15570417,0
1044,15779059,0
1045,15785980,0
1046,15644200,0
1047,15793949,0
1048,15645103,0
1049,15705860,0
1050,15623828,0
1051,15715003,0
1052,15623471,1
1053,15798348,0
1054,15743016,1
1055,15769499,1
1056,15798521,0
1057,15706534,1
1058,15706186,0
1059,15812197,1
1060,15650933,0
1061,15692991,0
1062,15631189,1
1063,15762198,0
1064,15699598,0
1065,15692744,0
1066,15688963,0
1067,15599131,1
1068,15680303,0
1069,15628674,0
1070,15648075,0
1071,15586970,0
1072,15625698,0
1073,15790497,0
1074,15682618,0
1075,15762937,0
1076,15750929,0
1077,15729832,1
1078,15633650,0
1079,15748856,1
1080,15589195,0
1081,15699911,0
1082,15663438,0
1083,15692583,0
1084,15591257,0
1085,15646513,0
1086,15708063,0
1087,15696098,0
1088,15645517,1
1089,15649744,0
1090,15604304,0
1091,15784092,1
1092,15585198,0
1093,15624347,0
1094,15621687,0
1095,15689081,0
1096,15813168,0
1097,15604295,0
1098,15724127,0
1099,15673055,0
1100,15768201,0
1101,15782219,0
1102,15746410,0
1103,15780144,0
1104,15590476,0
1105,15624293,0
1106,15618182,0
1107,15660316,0
1108,15678886,0
1109,15616330,1
1110,15592229,0
1111,15798424,0
1112,15714750,1
1113,15648800,0
1114,15626147,0
1115,15626608,0
1116,15723250,0
1117,15592583,1
1118,15759381,0
1119,15585241,0
1120,15589358,0
1121,15672704,0
1122,15789955,0
1123,15596800,0
1124,15627305,0
1125,15645316,0
1126,15593973,0
1127,15647301,0
1128,15750258,0
1129,15685309,0
1130,15628205,0
1131,15733974,0
1132,15762110,0
1133,15706899,0
1134,15732660,0
1135,15656121,0
1136,15614220,0
1137,15645269,0
1138,15698510,0
1139,15569247,0
1140,15566251,0
1141,15716134,0
1142,15763625,0
1143,15605965,0
1144,15694821,0
1145,15601688,0
1146,15575581,1
1147,15671209,0
1148,15616529,0
1149,15773906,1
1150,15722993,0
1151,15752463,0
1152,15589754,0
1153,15669899,0
1154,15766887,0
1155,15768006,0
1156,15741295,0
1157,15811327,0
1158,15690007,0
1159,15690664,1
1160,15719348,0
1161,15781802,0
1162,15752731,0
1163,15600997,0
1164,15750776,1
1165,15723907,0
1166,15633419,0
1167,15702430,0
1168,15710456,0
1169,15650351,0
1170,15590820,0
1171,15640454,0
1172,15697789,0
1173,15808182,0
1174,15588670,0
1175,15721292,0
1176,15604217,0
1177,15651369,0
1178,15782454,1
1179,15814032,0
1180,15570326,0
1181,15624428,0
1182,15755638,0
1183,15600992,0
1184,15755649,1
1185,15795228,0
1186,15589257,0
1187,15719302,1
1188,15639882,0
1189,15791279,0
1190,15636935,1
1191,15686909,0
1192,15589572,1
1193,15779947,0
1194,15573769,1
1195,15578866,0
1196,15739131,0
1197,15813444,0
1198,15678058,0
1199,15769169,0
1200,15804602,0
1201,15651052,0
1202,15724334,0
1203,15569451,0
1204,15650098,0
1205,15724307,1
1206,15599268,0
1207,15594864,0
1208,15616451,0
1209,15715667,0
1210,15658969,0
1211,15738174,0
1212,15813590,0
1213,15624229,0
1214,15674148,0
1215,15625080,0
1216,15682528,0
1217,15696900,0
1218,15730038,1
1219,15812272,0
1220,15654654,0
1221,15697625,0
1222,15616280,1
1223,15654229,0
1224,15628298,0
1225,15733387,0
1226,15775572,0
1227,15613844,0
1228,15578515,0
1229,15607598,0
1230,15742480,0
1231,15749482,0
1232,15607537,1
1233,15575410,0
1234,15684865,0
1235,15600700,0
1236,15774155,0
1237,15634267,0
1238,15619626,0
1239,15660422,0
1240,15617934,0
1241,15760774,0
1242,15813132,0
1243,15593331,0
1244,15616709,0
1245,15658052,0
1246,15721189,0
1247,15711288,0
1248,15770030,1
1249,15803681,0
1250,15702789,1
1251,15814930,0
1252,15658306,0
1253,15699523,0
1254,15610383,0
1255,15615032,0
1256,15781989,0
1257,15647402,0
1258,15740494,0
1259,15701265,0
1260,15743532,0
1261,15794870,0
1262,15747591,0
1263,15726557,0
1264,15732199,0
1265,15662291,0
1266,15749050,0
1267,15781586,0
1268,15617078,0
1269,15723339,0
1270,15671322,1
1271,15793854,0
1272,15756539,0
1273,15612064,0
1274,15625916,0
1275,15683195,0
1276,15690182,0
1277,15721719,0
1278,15641690,1
1279,15634896,0
1280,15671590,0
1281,15779182,0
1282,15778287,0
1283,15609510,0
1284,15742229,0
1285,15658532,0
1286,15590993,0
1287,15565701,0
1288,15597239,0
1289,15688880,0
1290,15813917,0
1291,15679611,0
1292,15636589,0
1293,15687752,0
1294,15584363,1
1295,15737748,0
1296,15803365,0
1297,15793247,0
1298,15572360,0
1299,15795166,0
1300,15724620,0
1301,15800856,0
1302,15671097,0
1303,15683930,0
1304,15749004,0
1305,15800434,0
1306,15709117,0
1307,15638806,0
1308,15662294,0
1309,15690079,0
1310,15759317,0
1311,15750497,0
1312,15596181,0
1313,15576602,1
1314,15644833,0
1315,15734634,0
1316,15808689,0
1317,15720702,0
1318,15665077,0
1319,15763612,0
1320,15596493,0
1321,15704483,0
1322,15598846,0
1323,15629244,0
1324,15765537,0
1325,15729975,1
1326,15682773,0
1327,15688007,1
1328,15574331,0
1329,15645572,0
1330,15742854,1
1331,15575417,1
1332,15796721,0
1333,15734942,0
1334,15664772,0
1335,15576683,0
1336,15682563,0
1337,15650889,1
1338,15612108,0
1339,15761132,0
1340,15645511,0
1341,15609824,0
1342,15640268,0
1343,15645778,1
1344,15691104,0
1345,15714567,0
1346,15777826,0
1347,15668445,0
1348,15576162,0
1349,15778135,0
1350,15613141,0
1351,15635435,0
1352,15596552,0
1353,15623644,0
1354,15683403,0
1355,15615029,0
1356,15769005,0
1357,15746326,0
1358,15722364,0
1359,15704954,1
1360,15694409,0
1361,15754068,0
1362,15683841,0
1363,15789095,0
1364,15719958,0
1365,15689514,0
1366,15621353,0
1367,15627232,0
1368,15745843,0
1369,15722902,0
1370,15791767,0
1371,15792722,0
1372,15723006,0
1373,15771942,0
1374,15774738,1
1375,15574004,1
1376,15587233,0
1377,15808228,0
1378,15682834,0
1379,15571752,1
1380,15743067,0
1381,15714466,0
1382,15617982,1
1383,15696637,0
1384,15690647,0
1385,15672756,0
1386,15704586,0
1387,15674526,1
1388,15775295,0
1389,15684196,0
1390,15727281,0
1391,15787835,1
1392,15730540,0
1393,15646276,0
1394,15582180,1
1395,15697095,0
1396,15748797,1
1397,15754796,0
1398,15628947,0
1399,15775546,0
1400,15670481,0
1401,15619029,0
1402,15613282,0
1403,15721487,0
1404,15797276,0
1405,15612494,0
1406,15629617,0
1407,15600821,0
1408,15579062,0
1409,15814268,0
1410,15710164,0
1411,15693904,0
1412,15588986,0
1413,15797733,0
1414,15620507,0
1415,15685150,0
1416,15667651,1
1417,15774166,1
1418,15649280,0
1419,15705657,0
1420,15753969,0
1421,15742378,0
1422,15794874,0
1423,15589221,0
1424,15596671,0
1425,15583668,0
1426,15710206,0
1427,15799966,1
1428,15794560,0
1429,15626485,1
1430,15703143,0
1431,15809772,0
1432,15687959,1
1433,15585282,0
1434,15714993,0
1435,15596021,0
1436,15646615,0
1437,15742632,0
1438,15574068,0
1439,15806967,0
1440,15796334,0
1441,15688713,0
1442,15796179,0
1443,15598751,1
1444,15703019,1
1445,15646302,0
1446,15680855,0
1447,15697311,0
1448,15585367,0
1449,15726556,0
1450,15676242,1
1451,15684198,0
1452,15774882,0
1453,15714227,0
1454,15608653,1
1455,15784280,0
1456,15789546,0
1457,15590320,0
1458,15678385,0
1459,15571778,0
1460,15657085,0
1461,15640627,0
1462,15566211,0
1463,15669293,0
1464,15595067,0
1465,15753566,0
1466,15650391,0
1467,15681843,0
1468,15814846,0
1469,15670374,0
1470,15762332,1
1471,15700223,0
1472,15729956,0
1473,15594862,0
1474,15598782,0
1475,15745080,0
1476,15703399,0
1477,15732175,1
1478,15630725,0
1479,15640260,0
1480,15716822,0
1481,15583748,0
1482,15605968,0
1483,15790683,0
1484,15607713,0
1485,15700212,0
1486,15626710,0
1487,15716491,0
1488,15625824,0
1489,15617705,0
1490,15761976,0
1491,15634891,1
1492,15744517,0
1493,15686963,1
1494,15808189,0
1495,15580845,0
1496,15799156,0
1497,15694296,0
1498,15677049,1
1499,15583595,0
1500,15590146,0
1501,15801548,0
1502,15660833,0
1503,15762277,0
1504,15791302,0
1505,15798975,0
1506,15599956,0
1507,15577274,0
1508,15701200,0
1509,15638149,0
1510,15786199,0
1511,15701765,0
1512,15586974,0
1513,15729040,0
1514,15788676,0
1515,15602497,0
1516,15701333,0
1517,15812071,1
1518,15634375,0
1519,15738267,0
1520,15786800,1
1521,15591130,0
1522,15720662,0
1523,15751531,0
1524,15653595,0
1525,15568360,0
1526,15781210,0
1527,15668058,1
1528,15597131,0
1529,15697283,0
1530,15640953,0
1531,15715031,0
1532,15589660,0
1533,15769818,0
1534,15782736,0
1535,15614818,0
1536,15794014,0
1537,15732448,0
1538,15723411,0
1539,15797686,0
1540,15605950,1
1541,15812497,0
1542,15690678,0
1543,15747677,0
1544,15618926,0
1545,15673908,0
1546,15727944,0
1547,15807294,1
1548,15618581,0
1549,15584364,1
1550,15599552,1
1551,15749177,0
1552,15718779,0
1553,15568106,0
1554,15779481,1
1555,15709994,0
1556,15772777,0
1557,15706815,1
1558,15618018,0
1559,15671032,0
1560,15634281,0
1561,15766374,1
1562,15600991,0
1563,15777576,0
1564,15742613,0
1565,15649523,0
1566,15651063,1
1567,15683124,0
1568,15618314,0
1569,15670823,0
1570,15607133,0
1571,15615012,0
1572,15725141,0
1573,15623560,0
1574,15693018,0
1575,15636756,1
1576,15647474,0
1577,15576714,0
1578,15585047,0
1579,15743976,0
1580,15793881,1
1581,15576517,0
1582,15631072,0
1583,15730394,0
1584,15631460,0
1585,15692002,0
1586,15595282,1
1587,15789548,1
1588,15758035,0
1589,15617518,1
1590,15651802,0
1591,15631813,1
1592,15729668,0
1593,15741728,0
1594,15576676,0
1595,15711378,0
1596,15765520,0
1597,15656726,0
1598,15647842,0
1599,15719309,0
1600,15748718,0
1601,15594404,0
1602,15751158,0
1603,15593470,0
1604,15695129,1
1605,15640865,0
1606,15714080,0
1607,15648721,1
1608,15801466,0
1609,15750248,0
1610,15758726,0
1611,15781553,0
1612,15649121,0
1613,15674811,0
1614,15646037,0
1615,15722578,0
1616,15665695,0
1617,15801062,0
1618,15662955,1
1619,15770309,0
1620,15657386,0
1621,15777797,0
1622,15783955,0
1623,15804516,0
1624,15681758,0
1625,15630321,0
1626,15588248,0
1627,15591932,0
1628,15810347,1
1629,15595303,0
1630,15634950,0
1631,15685372,0
1632,15745827,0
1633,15755868,0
1634,15735222,0
1635,15604804,0
1636,15718944,0
1637,15678626,0
1638,15571550,1
1639,15723053,0
1640,15661528,0
1641,15754177,0
1642,15683544,0
1643,15708048,0
1644,15701109,0
1645,15600110,0
1646,15651533,0
1647,15777904,1
1648,15655574,0
1649,15569423,0
1650,15718106,0
1651,15585067,0
1652,15675501,0
1653,15633233,0
1654,15667134,0
1655,15659105,0
1656,15575409,0
1657,15752342,0
1658,15654851,0
1659,15741429,0
1660,15682356,0
1661,15806447,0
1662,15800229,0
1663,15663441,0
1664,15791991,0
1665,15775082,0
1666,15579706,0
1667,15718247,0
1668,15755722,0
1669,15582259,0
1670,15716994,0
1671,15586880,1
1672,15713854,0
1673,15780835,0
1674,15675896,0
1675,15658459,0
1676,15658057,0
1677,15801767,0
1678,15569178,0
1679,15731478,0
1680,15811236,0
1681,15746749,0
1682,15662758,0
1683,15709387,1
1684,15572093,0
1685,15713826,0
1686,15570205,0
1687,15589348,0
1688,15804610,1
1689,15700854,0
1690,15758836,0
1691,15772933,0
1692,15809006,0
1693,15689612,0
1694,15744614,0
1695,15704250,0
1696,15700255,1
1697,15669410,1
1698,15807595,0
1699,15664523,0
1700,15642833,0
1701,15605279,0
1702,15713644,0
1703,15750466,0
1704,15739054,0
1705,15612771,0
1706,15788483,0
1707,15732832,0
1708,15772892,1
1709,15713843,0
1710,15567993,0
1711,15617603,0
1712,15744983,0
1713,15630419,0
1714,15738828,0
1715,15778025,0
1716,15799479,0
1717,15684269,1
1718,15762745,0
1719,15746970,0
1720,15725024,0
1721,15592116,1
1722,15624391,0
1723,15567422,0
1724,15612627,0
1725,15574879,0
1726,15745107,0
1727,15734491,0
1728,15675320,0
1729,15643824,0
1730,15643438,0
1731,15721730,1
1732,15680727,1
1733,15752508,1
1734,15808846,0
1735,15727251,0
1736,15663489,1
1737,15683677,0
1738,15596414,0
1739,15730639,0
1740,15672132,0
1741,15742638,0
1742,15578603,0
1743,15726088,1
1744,15682533,0
1745,15772995,1
1746,15765694,0
1747,15659486,0
1748,15568963,0
1749,15703820,0
1750,15569410,0
1751,15632256,0
1752,15724466,0
1753,15777639,0
1754,15802501,0
1755,15778410,0
1756,15670702,0
1757,15704763,1
1758,15645544,0
1759,15757646,0
1760,15701121,0
1761,15796313,0
1762,15815660,0
1763,15602844,0
1764,15636238,1
1765,15770101,0
1766,15645543,1
1767,15596397,0
1768,15770525,0
1769,15684267,0
1770,15689980,0
1771,15633260,0
1772,15756471,0
1773,15721303,0
1774,15802256,0
1775,15725664,0
1776,15674851,0
1777,15701946,0
1778,15748947,1
1779,15673342,0
1780,15601008,0
1781,15771636,0
1782,15642002,0
1783,15693381,1
1784,15607691,0
1785,15589380,0
1786,15603846,0
1787,15753549,0
1788,15725355,0
1789,15773017,0
1790,15625641,0
1791,15776467,0
1792,15746451,0
1793,15777922,1
1794,15606841,0
1795,15757648,0
1796,15677173,0
1797,15764170,0
1798,15610446,0
1799,15612776,0
1800,15794122,0
1801,15774931,0
1802,15779247,0
1803,15707078,0
1804,15605263,0
1805,15607381,0
1806,15683471,1
1807,15605037,0
1808,15576085,0
1809,15770435,1
1810,15592994,0
1811,15624068,0
1812,15595221,0
1813,15637131,0
1814,15613471,1
1815,15583499,1
1816,15752816,1
1817,15804075,0
1818,15800517,0
1819,15712319,0
1820,15797389,0
1821,15621432,0
1822,15779390,0
1823,15711219,0
1824,15770498,0
1825,15678727,1
1826,15573893,0
1827,15740104,0
1828,15792649,0
1829,15605275,0
1830,15572467,0
1831,15738219,0
1832,15600710,0
1833,15804394,0
1834,15694188,0
1835,15583718,0
1836,15802478,0
1837,15619343,0
1838,15758813,0
1839,15761374,0
1840,15569209,1
1841,15788539,0
1842,15747222,0
1843,15769346,0
1844,15699634,1
1845,15589076,0
1846,15812338,0
1847,15758845,0
1848,15685844,1
1849,15583090,0
1850,15587581,0
1851,15633640,0
1852,15573741,0
1853,15633574,1
1854,15711455,0
1855,15570601,0
1856,15690925,1
1857,15709338,0
1858,15780746,0
1859,15681956,0
1860,15778190,1
1861,15786852,1
1862,15726494,0
1863,15641183,0
1864,15805312,1
1865,15636572,0
1866,15632575,0
1867,15740164,0
1868,15574947,0
1869,15597909,0
1870,15782574,0
1871,15734999,1
1872,15706593,0
1873,15766686,0
1874,15590268,0
1875,15763055,0
1876,15664754,0
1877,15643630,0
1878,15641043,0
1879,15768095,0
1880,15811314,0
1881,15669922,1
1882,15707114,0
1883,15670602,0
1884,15713479,0
1885,15663830,0
1886,15566958,0
1887,15680918,1
1888,15663921,0
1889,15716324,0
1890,15796969,1
1891,15574783,0
1892,15773487,0
1893,15802486,0
1894,15783398,0
1895,15649418,1
1896,15604588,0
1897,15735428,0
1898,15629078,0
1899,15806880,0
1900,15754999,0
1901,15781034,0
1902,15622017,0
1903,15705885,0
1904,15677382,0
1905,15566843,0
1906,15608387,0
1907,15810786,0
1908,15626983,0
1909,15773605,0
1910,15811261,0
1911,15590606,0
1912,15576644,1
1913,15750264,0
1914,15741554,0
1915,15769051,0
1916,15812198,1
1917,15699772,0
1918,15744105,0
1919,15739858,0
1920,15723720,1
1921,15638355,0
1922,15805637,0
1923,15629575,0
1924,15586243,1
1925,15757931,0
1926,15716023,0
1927,15647782,0
1928,15716609,0
1929,15623791,0
1930,15627262,0
1931,15652693,0
1932,15586993,0
1933,15815560,0
1934,15584930,0
1935,15799031,0
1936,15810457,0
1937,15697879,0
1938,15594902,0
1939,15799710,1
1940,15659651,0
1941,15645956,0
1942,15651713,0
1943,15737265,0
1944,15687310,0
1945,15607347,0
1946,15698321,1
1947,15657812,0
1948,15569187,0
1949,15681562,0
1950,15615456,0
1951,15589793,0
1952,15781884,1
1953,15675190,0
1954,15600734,0
1955,15779176,0
1956,15605286,0
1957,15674922,0
1958,15737506,0
1959,15780514,1
1960,15623647,0
1961,15668472,0
1962,15692416,0
1963,15771139,1
1964,15738318,0
1965,15772243,0
1966,15638463,0
1967,15598088,0
1968,15693468,1
1969,15671930,0
1970,15762268,0
1971,15780954,0
1972,15700174,0
1973,15635728,0
1974,15679283,0
1975,15591386,0
1976,15694192,0
1977,15585901,0
1978,15792329,0
1979,15635597,0
1980,15775880,0
1981,15630913,0
1982,15756680,0
1983,15587913,0
1984,15737605,0
1985,15627876,0
1986,15772601,0
1987,15758606,0
1988,15657107,1
1989,15622454,0
1990,15775803,0
1991,15570859,0
1992,15748381,0
1993,15787189,0
1994,15666055,0
1995,15617648,1
1996,15755678,0
1997,15624781,1
1998,15779497,0
1999,15567399,0
2000,15613656,0
2001,15734311,0
2002,15657214,0
2003,15799350,0
2004,15729970,1
2005,15725835,0
2006,15745543,0
2007,15727384,0
2008,15666916,0
2009,15732917,0
2010,15612050,0
2011,15726267,0
2012,15780124,0
2013,15742238,0
2014,15679024,0
2015,15715297,0
2016,15633612,0
2017,15602929,0
2018,15696703,1
2019,15756668,0
2020,15565779,0
2021,15795519,0
2022,15761477,0
2023,15731890,0
2024,15633043,0
2025,15752953,0
2026,15603088,0
2027,15606613,0
2028,15635939,0
2029,15666043,0
2030,15746190,0
2031,15591357,1
2032,15658716,0
2033,15679909,0
2034,15634262,0
2035,15799825,0
2036,15756875,0
2037,15678146,0
2038,15710743,1
2039,15595831,0
2040,15626684,0
2041,15709846,0
2042,15635459,0
2043,15642544,0
2044,15566494,1
2045,15655238,0
2046,15733429,0
2047,15814536,1
2048,15771702,0
2049,15723008,0
2050,15797160,0
2051,15792222,0
2052,15644765,0
2053,15610686,0
2054,15730868,0
2055,15705991,0
2056,15577078,0
2057,15679550,0
2058,15787655,0
2059,15668081,0
2060,15747980,0
2061,15710295,0
2062,15724443,0
2063,15571305,0
2064,15569503,1
2065,15581840,0
2066,15772262,0
2067,15767794,0
2068,15629338,0
2069,15790379,0
2070,15750684,1
2071,15697214,0
2072,15711015,0
2073,15573309,1
2074,15805303,1
2075,15741385,1
2076,15780254,0
2077,15744843,0
2078,15815626,1
2079,15784736,0
2080,15813412,1
2081,15809143,0
2082,15617617,0
2083,15779738,1
2084,15668669,0
2085,15687477,0
2086,15578908,0
2087,15687658,0
2088,15615020,0
2089,15608886,1
2090,15602551,0
2091,15672945,1
2092,15757408,0
2093,15806132,0
2094,15813022,0
2095,15673578,0
2096,15757916,1
2097,15689168,0
2098,15769216,0
2099,15593295,1
2100,15804814,1
2101,15778934,0
2102,15802351,0
2103,15630241,1
2104,15719561,1
2105,15615096,0
2106,15659931,0
2107,15714586,0
2108,15634949,1
2109,15589224,0
2110,15795990,0
2111,15603216,0
2112,15631201,0
2113,15686255,0
2114,15746594,0
2115,15718893,1
2116,15671609,0
2117,15652540,0
2118,15774857,0
2119,15791836,0
2120,15651554,1
2121,15583576,0
2122,15732740,0
2123,15723320,0
2124,15603851,0
2125,15777923,1
2126,15735719,0
2127,15703482,0
2128,15605835,0
2129,15664881,0
2130,15757568,0
2131,15792660,0
2132,15599722,0
2133,15726354,0
2134,15610355,0
2135,15704284,0
2136,15621893,0
2137,15588219,0
2138,15688619,0
2139,15765518,0
2140,15616931,0
2141,15758372,0
2142,15782591,0
2143,15612109,0
2144,15613712,0
2145,15639322,0
2146,15594349,0
2147,15574167,0
2148,15811842,0
2149,15648794,0
2150,15771211,0
2151,15588614,1
2152,15630698,0
2153,15694200,0
2154,15721426,0
2155,15725997,0
2156,15762138,0
2157,15750649,0
2158,15685706,0
2159,15641835,0
2160,15586821,0
2161,15569678,0
2162,15793842,0
2163,15667554,0
2164,15794479,0
2165,15585041,0
2166,15780650,0
2167,15780846,0
2168,15805260,0
2169,15621629,0
2170,15662151,0
2171,15747174,0
2172,15651585,0
2173,15649738,0
2174,15633108,0
2175,15769254,0
2176,15704746,0
2177,15637644,0
2178,15609562,0
2179,15787459,1
2180,15762902,0
2181,15738605,0
2182,15724889,0
2183,15730735,0
2184,15689147,0
2185,15730397,0
2186,15762169,0
2187,15589320,0
2188,15799211,0
2189,15798310,0
2190,15609998,0
2191,15583548,0
2192,15761763,0
2193,15764409,0
2194,15710161,0
2195,15735246,0
2196,15791700,0
2197,15670753,0
2198,15573876,0
2199,15770174,0
2200,15641114,0
2201,15682435,0
2202,15751788,0
2203,15672598,0
2204,15762803,0
2205,15812982,0
2206,15597901,0
2207,15731507,0
2208,15809826,0
2209,15764237,0
2210,15769917,0
2211,15641850,0
2212,15770974,0
2213,15803749,0
2214,15684999,0
2215,15770225,0
2216,15627484,0
2217,15610337,0
2218,15752488,0
2219,15610056,0
2220,15806049,0
2221,15736069,0
2222,15763662,1
2223,15615575,0
2224,15691723,0
2225,15774098,0
2226,15750808,1
2227,15744368,0
2228,15610594,0
2229,15756125,0
2230,15623277,0
2231,15795954,0
2232,15671969,0
2233,15791268,0
2234,15713655,0
2235,15633930,0
2236,15712849,0
2237,15639077,0
2238,15808784,0
2239,15648577,0
2240,15670345,0
2241,15633112,0
2242,15714397,0
2243,15780038,0
2244,15756305,0
2245,15578799,0
2246,15800326,0
2247,15785485,0
2248,15783958,0
2249,15727546,0
2250,15739576,0
2251,15631333,0
2252,15604782,0
2253,15589643,1
2254,15585533,0
2255,15681506,0
2256,15630551,1
2257,15698349,0
2258,15776631,0
2259,15762216,0
2260,15623927,0
2261,15681402,0
2262,15586264,0
2263,15594685,0
2264,15812945,0
2265,15734628,0
2266,15629323,1
2267,15666823,0
2268,15777553,1
2269,15613097,0
2270,15622217,0
2271,15703588,0
2272,15570835,1
2273,15679299,0
2274,15808044,0
2275,15579208,1
2276,15684951,0
2277,15667620,0
2278,15582960,1
2279,15590730,0
2280,15763747,0
2281,15778320,0
2282,15642787,0
2283,15624633,0
2284,15766765,0
2285,15783615,0
2286,15640161,0
2287,15619889,0
2288,15579166,0
2289,15789097,0
2290,15674880,0
2291,15778157,1
2292,15779064,0
2293,15801265,0
2294,15589204,0
2295,15664543,0
2296,15582714,0
2297,15797595,0
2298,15614034,0
2299,15763171,0
2300,15647266,0
2301,15757577,0
2302,15736656,0
2303,15635078,0
2304,15680141,0
2305,15576945,0
2306,15602034,0
2307,15732020,0
2308,15611029,0
2309,15621210,0
2310,15569222,0
2311,15664639,0
2312,15724223,0
2313,15644621,0
2314,15756056,0
2315,15700353,0
2316,15624388,0
2317,15627212,0
2318,15648005,0
2319,15681446,0
2320,15775888,0
2321,15749019,0
2322,15709928,0
2323,15784676,0
2324,15748116,1
2325,15612193,1
2326,15762984,0
2327,15613713,0
2328,15664204,0
2329,15639415,0
2330,15806332,0
2331,15614929,0
2332,15695492,1
2333,15635972,0
2334,15616380,0
2335,15581440,0
2336,15654390,0
2337,15660688,0
2338,15806307,0
2339,15647975,0
2340,15595728,1
2341,15735388,0
2342,15788535,0
2343,15765902,0
2344,15642345,0
2345,15641250,0
2346,15706163,0
2347,15746708,0
2348,15775203,0
2349,15787907,0
2350,15646764,1
2351,15678284,0
2352,15726791,1
2353,15813144,0
2354,15669342,0
2355,15710366,0
2356,15614934,0
2357,15588701,0
2358,15665438,0
2359,15644896,1
2360,15670205,1
2361,15635776,0
2362,15791053,0
2363,15644005,1
2364,15796343,0
2365,15751057,0
2366,15623430,0
2367,15682600,0
2368,15769312,0
2369,15708212,0
2370,15650258,1
2371,15604345,0
2372,15578297,0
2373,15671789,0
2374,15726186,1
2375,15764618,0
2376,15730738,0
2377,15637650,0
2378,15606267,0
2379,15625904,0
2380,15654463,0
2381,15774151,0
2382,15693259,0
2383,15642468,0
2384,15758531,0
2385,15728352,0
2386,15637240,0
2387,15595588,0
2388,15778395,0
2389,15711825,0
2390,15599251,0
2391,15570004,0
2392,15656912,0
2393,15657342,0
2394,15716284,1
2395,15672374,1
2396,15732476,0
2397,15747724,0
2398,15633877,0
2399,15672516,0
2400,15607827,1
2401,15751336,0
2402,15646539,0
2403,15756901,1
2404,15809286,0
2405,15759021,1
2406,15725039,0
2407,15579130,0
2408,15754112,0
2409,15735522,0
2410,15613326,0
2411,15739502,0
2412,15670914,0
2413,15604073,0
2414,15806027,0
2415,15574886,0
2416,15707120,0
2417,15800845,0
2418,15603914,0
2419,15722765,0
2420,15783305,0
2421,15574842,1
2422,15607837,0
2423,15714877,0
2424,15782941,0
2425,15630167,0
2426,15759038,0
2427,15661821,0
2428,15728006,0
2429,15712176,0
2430,15689351,0
2431,15782247,0
2432,15769064,0
2433,15718153,0
2434,15613189,0
2435,15661734,1
2436,15592645,1
2437,15768387,0
2438,15792525,1
2439,15586976,1
2440,15790659,0
2441,15691446,0
2442,15772632,1
2443,15706587,0
2444,15572461,0
2445,15654409,0
2446,15568025,0
2447,15715769,0
2448,15667458,0
2449,15567980,0
2450,15679294,0
2451,15606507,0
2452,15578825,0
2453,15619935,0
2454,15636089,0
2455,15727490,0
2456,15591766,0
2457,15641629,1
2458,15813303,0
2459,15756920,0
2460,15726403,0
2461,15592765,0
2462,15704442,0
2463,15641136,0
2464,15725818,0
2465,15612071,0
2466,15719809,0
2467,15716518,0
2468,15742210,0
2469,15630617,0
2470,15720838,0
2471,15595537,0
2472,15623196,0
2473,15679249,0
2474,15693199,0
2475,15661219,0
2476,15617136,0
2477,15760294,0
2478,15652808,0
2479,15657139,0
2480,15803790,0
2481,15764105,0
2482,15672610,0
2483,15766896,0
2484,15587735,1
2485,15659501,0
2486,15745001,0
2487,15651140,0
2488,15571148,0
2489,15776824,0
2490,15633141,0
2491,15764174,0
2492,15778155,0
2493,15715920,0
2494,15671917,0
2495,15666548,0
2496,15625623,1
2497,15748123,0
2498,15648735,0
2499,15634974,0
2500,15713378,0
2501,15753370,0
2502,15782659,0
2503,15583364,0
2504,15625942,0
2505,15720284,0
2506,15679642,0
2507,15628007,1
2508,15661974,0
2509,15689341,0
2510,15607993,0
2511,15693267,0
2512,15769522,0
2513,15755825,0
2514,15598175,0
2515,15744327,0
2516,15798666,0
2517,15577064,0
2518,15759436,1
2519,15690231,0
2520,15751561,0
2521,15739068,0
2522,15758056,0
2523,15742269,0
2524,15726490,0
2525,15738411,0
2526,15727919,0
2527,15709396,0
2528,15654106,0
2529,15621653,0
2530,15598086,0
2531,15752300,0
2532,15658693,0
2533,15631838,0
2534,15803804,0
2535,15578809,0
2536,15752026,0
2537,15723706,0
2538,15752838,0
2539,15569571,0
2540,15769703,0
2541,15679770,0
2542,15791102,0
2543,15655192,0
2544,15709487,0
2545,15687130,0
2546,15755178,0
2547,15634772,0
2548,15617197,0
2549,15631240,0
2550,15784301,0
2551,15631310,0
2552,15756560,1
2553,15732270,0
2554,15739357,0
2555,15771540,0
2556,15567486,0
2557,15714634,0
2558,15727021,0
2559,15650670,0
2560,15711834,0
2561,15729763,0
2562,15646566,0
2563,15645463,0
2564,15672144,0
2565,15596088,0
2566,15614878,1
2567,15635240,0
2568,15775905,0
2569,15700657,0
2570,15611905,0
2571,15652527,0
2572,15785865,0
2573,15645942,0
2574,15688691,0
2575,15592736,0
2576,15673529,0
2577,15724145,0
2578,15704629,0
2579,15597896,0
2580,15731790,0
2581,15634719,0
2582,15703205,1
2583,15567333,0
2584,15754537,0
2585,15612030,0
2586,15573242,0
2587,15601892,0
2588,15663885,0
2589,15701096,0
2590,15710450,0
2591,15790846,0
2592,15658956,0
2593,15755223,0
2594,15787318,0
2595,15737310,0
2596,15763665,0
2597,15668818,0
2598,15765812,0
2599,15704844,1
2600,15744582,0
2601,15616700,0
2602,15683521,0
2603,15583049,0
2604,15643752,0
2605,15620398,0
2606,15715707,0
2607,15814209,1
2608,15733768,0
2609,15755242,0
2610,15729412,0
2611,15746564,0
2612,15588446,0
2613,15665221,0
2614,15640846,0
2615,15700209,0
2616,15658360,0
2617,15602735,0
2618,15724834,0
2619,15800062,0
2620,15685300,1
2621,15760102,0
2622,15787026,0
2623,15653696,0
2624,15788946,0
2625,15600724,0
2626,15574324,0
2627,15707144,0
2628,15775891,0
2629,15711789,0
2630,15600879,0
2631,15681196,0
2632,15716000,0
2633,15766776,0
2634,15680278,0
2635,15688637,0
2636,15591179,0
2637,15677435,0
2638,15698619,0
2639,15581036,0
2640,15622117,0
2641,15599301,0
2642,15581548,0
2643,15586870,0
2644,15735263,1
2645,15765322,0
2646,15582944,0
2647,15687162,0
2648,15644962,0
2649,15612615,1
2650,15813439,0
2651,15604544,0
2652,15761348,0
2653,15785078,0
2654,15759874,0
2655,15643658,0
2656,15713267,1
2657,15737782,0
2658,15815490,0
2659,15679410,0
2660,15756241,0
2661,15688409,0
2662,15742272,0
2663,15717898,0
2664,15769582,0
2665,15635660,0
2666,15576723,0
2667,15591577,0
2668,15582325,0
2669,15693947,0
2670,15760446,0
2671,15611105,0
2672,15630920,0
2673,15574910,0
2674,15756472,0
2675,15682890,0
2676,15641994,0
2677,15733297,1
2678,15767793,0
2679,15725698,0
2680,15813532,1
2681,15576760,0
2682,15732102,0
2683,15739046,1
2684,15631927,0
2685,15672115,0
2686,15618765,0
2687,15679148,0
2688,15728474,1
2689,15636999,0
2690,15754261,1
2691,15629150,0
2692,15736274,0
2693,15627697,0
2694,15721585,1
2695,15639946,1
2696,15792176,0
2697,15699450,0
2698,15729954,0
2699,15600103,0
2700,15786200,0
2701,15797010,0
2702,15670172,1
2703,15627352,0
2704,15622494,0
2705,15585835,1
2706,15595071,0
2707,15628203,0
2708,15667190,0
2709,15780212,0
2710,15766869,0
2711,15775741,0
2712,15628170,0
2713,15701318,0
2714,15710928,1
2715,15682547,0
2716,15631170,0
2717,15648702,0
2718,15783444,0
2719,15809178,0
2720,15806688,0
2721,15576824,0
2722,15675422,0
2723,15681550,0
2724,15812628,0
2725,15597951,1
2726,15807045,0
2727,15581748,0
2728,15770420,0
2729,15608230,0
2730,15730339,0
2731,15712584,0
2732,15592816,0
2733,15641480,0
2734,15708505,0
2735,15791131,0
2736,15618225,0
2737,15644724,0
2738,15662098,0
2739,15723894,1
2740,15787699,0
2741,15687738,0
2742,15576126,0
2743,15658889,0
2744,15667046,0
2745,15669957,0
2746,15655794,0
2747,15599829,0
2748,15753332,0
2749,15671124,0
2750,15767474,0
2751,15720671,0
2752,15626787,0
2753,15774491,0
2754,15579647,0
2755,15625522,0
2756,15765806,0
2757,15566708,0
2758,15668347,0
2759,15575214,0
2760,15591123,0
2761,15573280,0
2762,15589018,0
2763,15654495,0
2764,15597265,0
2765,15733876,0
2766,15677217,0
2767,15747265,0
2768,15713379,0
2769,15730433,0
2770,15693347,0
2771,15715465,0
2772,15680736,0
2773,15610765,0
2774,15650034,1
2775,15782468,0
2776,15685109,0
2777,15776233,1
2778,15761141,1
2779,15781702,0
2780,15790235,0
2781,15641416,0
2782,15775234,0
2783,15659475,0
2784,15642202,0
2785,15771417,0
2786,15585100,0
2787,15700487,0
2788,15726589,0
2789,15747503,0
2790,15595883,0
2791,15663826,0
2792,15742820,0
2793,15624793,0
2794,15597930,0
2795,15665110,0
2796,15770719,0
2797,15731327,1
2798,15576044,1
2799,15775662,0
2800,15646817,0
2801,15596060,1
2802,15723299,0
2803,15636982,0
2804,15751175,0
2805,15618936,0
2806,15787529,0
2807,15780128,0
2808,15615991,0
2809,15757001,0
2810,15595388,0
2811,15699550,0
2812,15581620,1
2813,15600934,0
2814,15738672,0
2815,15721307,0
2816,15619280,0
2817,15768244,0
2818,15806837,1
2819,15643496,1
2820,15813916,0
2821,15626385,0
2822,15603582,1
2823,15764351,0
2824,15667938,0
2825,15576360,0
2826,15628813,0
2827,15584190,0
2828,15716449,0
2829,15759913,0
2830,15701555,0
2831,15758482,0
2832,15758171,0
2833,15680346,0
2834,15649124,0
2835,15812917,1
2836,15768455,0
2837,15703059,0
2838,15646196,0
2839,15585451,0
2840,15714057,0
2841,15748473,0
2842,15785782,0
2843,15693233,1
2844,15757521,1
2845,15812513,0
2846,15674950,0
2847,15678572,0
2848,15713608,0
2849,15579262,0
2850,15610426,0
2851,15776454,0
2852,15771483,0
2853,15648489,0
2854,15646609,1
2855,15693203,0
2856,15813067,0
2857,15769829,0
2858,15662434,0
2859,15773503,0
2860,15705890,0
2861,15711398,0
2862,15752375,0
2863,15659175,0
2864,15597033,1
2865,15590228,0
2866,15631848,0
2867,15654211,1
2868,15707968,0
2869,15594084,0
2870,15651093,0
2871,15798824,0
2872,15671591,0
2873,15707189,0
2874,15733581,0
2875,15641640,0
2876,15585284,0
2877,15617866,0
2878,15667751,0
2879,15669411,0
2880,15789425,1
2881,15570943,0
2882,15685829,0
2883,15721917,0
2884,15776047,0
2885,15716024,0
2886,15675328,0
2887,15604314,0
2888,15658339,0
2889,15630402,0
2890,15689616,0
2891,15774224,1
2892,15701291,0
2893,15719606,1
2894,15644119,0
2895,15646859,0
2896,15606836,0
2897,15664150,0
2898,15624510,1
2899,15810944,1
2900,15668575,0
2901,15603246,0
2902,15804002,0
2903,15728773,1
2904,15598044,1
2905,15694829,0
2906,15600575,0
2907,15727311,0
2908,15570769,0
2909,15606274,0
2910,15746139,0
2911,15704987,0
2912,15628972,0
2913,15697686,0
2914,15733883,0
2915,15617482,0
2916,15704583,0
2917,15621083,0
2918,15649487,0
2919,15736760,0
2920,15714658,0
2921,15599081,0
2922,15705113,0
2923,15631159,0
2924,15792818,1
2925,15633531,0
2926,15744529,0
2927,15669656,0
2928,15581198,0
2929,15729054,0
2930,15573452,0
2931,15776733,1
2932,15724858,0
2933,15713144,0
2934,15690188,0
2935,15689425,0
2936,15671766,0
2937,15782806,0
2938,15764419,0
2939,15591915,1
2940,15772798,0
2941,15792008,0
2942,15715541,0
2943,15639277,1
2944,15798850,0
2945,15776348,0
2946,15727696,1
2947,15793813,0
2948,15694395,0
2949,15764195,0
2950,15744919,0
2951,15671655,0
2952,15654901,0
2953,15649136,0
2954,15775562,0
2955,15807481,0
2956,15642885,0
2957,15789109,0
2958,15814004,0
2959,15673619,0
2960,15595135,0
2961,15583681,0
2962,15605000,0
2963,15718071,0
2964,15679760,0
2965,15654574,0
2966,15577178,0
2967,15595324,0
2968,15756932,0
2969,15726358,0
2970,15595228,0
2971,15782530,0
2972,15592877,0
2973,15651983,0
2974,15746737,0
2975,15774179,0
2976,15667265,0
2977,15655123,0
2978,15595917,0
2979,15668385,0
2980,15709476,0
2981,15711218,1
2982,15798659,0
2983,15663939,0
2984,15694946,0
2985,15631912,0
2986,15768816,0
2987,15682268,1
2988,15684801,0
2989,15636428,0
2990,15809823,0
2991,15699284,0
2992,15786993,0
2993,15709441,0
2994,15710257,0
2995,15582492,0
2996,15575694,0
2997,15756820,0
2998,15766289,0
2999,15593014,0
3000,15584545,0
3001,15675949,0
3002,15672091,0
3003,15801658,0
3004,15706185,0
3005,15789863,0
3006,15720943,0
3007,15697997,1
3008,15665416,0
3009,15660200,0
3010,15619653,0
3011,15773447,1
3012,15739160,0
3013,15689237,0
3014,15679297,0
3015,15591433,0
3016,15642725,0
3017,15701962,0
3018,15811613,0
3019,15741049,0
3020,15724423,1
3021,15574305,0
3022,15678168,0
3023,15697020,0
3024,15610801,0
3025,15745232,0
3026,15722758,0
3027,15792102,0
3028,15675185,0
3029,15801247,0
3030,15725660,0
3031,15638963,0
3032,15800061,0
3033,15578006,0
3034,15668504,1
3035,15687491,0
3036,15610403,0
3037,15741094,0
3038,15807909,1
3039,15666141,1
3040,15617134,0
3041,15783029,0
3042,15622833,0
3043,15746422,0
3044,15750839,0
3045,15749130,0
3046,15779862,0
3047,15767871,0
3048,15679651,0
3049,15576219,0
3050,15699247,1
3051,15619087,0
3052,15605327,0
3053,15610140,0
3054,15791174,1
3055,15602373,0
3056,15762605,0
3057,15598840,1
3058,15744279,0
3059,15670619,0
3060,15599533,0
3061,15757837,0
3062,15697574,0
3063,15578738,0
3064,15762228,0
3065,15614827,0
3066,15789815,1
3067,15579781,0
3068,15587013,0
3069,15570932,0
3070,15794661,0
3071,15581654,0
3072,15644296,0
3073,15614420,0
3074,15609653,0
3075,15594577,0
3076,15584114,0
3077,15673367,1
3078,15685576,0
3079,15774727,0
3080,15694288,0
3081,15603319,0
3082,15759066,0
3083,15814816,0
3084,15724402,0
3085,15571059,0
3086,15674206,0
3087,15715160,0
3088,15730448,0
3089,15662067,0
3090,15779581,0
3091,15662901,1
3092,15689751,1
3093,15667742,0
3094,15738448,0
3095,15680243,0
3096,15745083,0
3097,15708228,1
3098,15628523,0
3099,15708196,0
3100,15735549,0
3101,15809347,0
3102,15660866,0
3103,15766609,0
3104,15654230,1
3105,15794566,0
3106,15800890,1
3107,15697424,0
3108,15724536,0
3109,15735878,0
3110,15707596,0
3111,15657163,1
3112,15622478,0
3113,15779529,0
3114,15636023,0
3115,15582066,0
3116,15666675,1
3117,15732987,0
3118,15789432,0
3119,15663161,0
3120,15694879,1
3121,15593715,0
3122,15575002,0
3123,15622171,0
3124,15795224,0
3125,15685346,0
3126,15691808,0
3127,15721007,0
3128,15794253,0
3129,15694453,0
3130,15813113,0
3131,15614187,0
3132,15619407,1
3133,15646227,0
3134,15660541,1
3135,15753874,0
3136,15617877,0
3137,15772073,0
3138,15701537,0
3139,15736228,0
3140,15780572,0
3141,15769596,0
3142,15586996,0
3143,15722061,0
3144,15638003,0
3145,15775590,0
3146,15730688,0
3147,15753102,0
3148,15810075,0
3149,15723373,0
3150,15795298,1
3151,15584320,1
3152,15724161,0
3153,15750056,0
3154,15609637,0
3155,15794493,0
3156,15569641,0
3157,15815236,0
3158,15811177,0
3159,15680587,0
3160,15672821,1
3161,15767681,1
3162,15600379,0
3163,15801336,0
3164,15721592,0
3165,15581282,0
3166,15746203,0
3167,15583137,0
3168,15680752,1
3169,15688172,0
3170,15791373,0
3171,15589449,0
3172,15692819,0
3173,15727467,0
3174,15734312,0
3175,15764604,0
3176,15613014,0
3177,15759684,0
3178,15609669,0
3179,15685536,1
3180,15750447,1
3181,15663249,0
3182,15638646,0
3183,15734161,0
3184,15631070,0
3185,15761950,1
3186,15649668,1
3187,15713912,0
3188,15586757,0
3189,15596522,0
3190,15625395,0
3191,15760570,0
3192,15566689,1
3193,15725794,0
3194,15673539,0
3195,15705298,0
3196,15675791,1
3197,15747043,0
3198,15736397,0
3199,15678201,0
3200,15720745,0
3201,15637593,0
3202,15598070,0
3203,15787550,0
3204,15603942,0
3205,15733973,0
3206,15596761,0
3207,15652400,0
3208,15717893,0
3209,15622585,0
3210,15733964,0
3211,15753861,0
3212,15747097,0
3213,15594762,0
3214,15667417,0
3215,15684861,0
3216,15742204,0
3217,15623502,0
3218,15774872,0
3219,15611191,0
3220,15674331,0
3221,15619465,0
3222,15575247,0
3223,15695679,0
3224,15713463,0
3225,15785170,1
3226,15796351,1
3227,15639576,0
3228,15693264,1
3229,15589715,0
3230,15769902,0
3231,15587177,0
3232,15814553,0
3233,15601550,1
3234,15664907,0
3235,15612465,1
3236,15810800,0
3237,15665760,0
3238,15588080,0
3239,15776844,0
3240,15717560,0
3241,15629739,0
3242,15729908,0
3243,15716781,0
3244,15646936,1
3245,15768151,0
3246,15579212,0
3247,15721835,0
3248,15800515,0
3249,15591279,0
3250,15587419,0
3251,15750335,1
3252,15699619,0
3253,15606472,0
3254,15778368,0
3255,15671387,0
3256,15573926,0
3257,15709183,0
3258,15577514,0
3259,15778830,0
3260,15768072,0
3261,15768293,0
3262,15654456,0
3263,15807525,0
3264,15574372,0
3265,15671249,1
3266,15779744,0
3267,15624755,0
3268,15611430,1
3269,15774744,0
3270,15629885,0
3271,15708791,0
3272,15793890,0
3273,15646091,1
3274,15596984,0
3275,15800215,0
3276,15577806,0
3277,15749381,0
3278,15683758,0
3279,15670615,0
3280,15715622,0
3281,15707634,0
3282,15806901,1
3283,15775335,0
3284,15724150,0
3285,15627220,1
3286,15672330,0
3287,15668521,0
3288,15807837,0
3289,15592570,0
3290,15748589,0
3291,15635893,0
3292,15757632,0
3293,15691863,0
3294,15706071,0
3295,15654296,0
3296,15755018,0
3297,15594041,0
3298,15670587,0
3299,15724527,1
3300,15801904,0
3301,15658195,0
3302,15630113,1
3303,15784320,0
3304,15676513,0
3305,15574072,0
3306,15633854,0
3307,15618566,0
3308,15733014,1
3309,15753343,0
3310,15746076,0
3311,15608226,0
3312,15605684,0
3313,15638988,0
3314,15628767,1
3315,15737977,0
3316,15758116,1
3317,15575119,1
3318,15625126,0
3319,15567114,0
3320,15672242,0
3321,15681327,1
3322,15802585,0
3323,15740630,0
3324,15815420,0
3325,15711468,0
3326,15799626,0
3327,15659325,0
3328,15651352,0
3329,15684925,0
3330,15657439,0
3331,15574122,0
3332,15720508,0
3333,15599078,0
3334,15702300,0
3335,15660735,0
3336,15671390,0
3337,15647385,1
3338,15739223,0
3339,15631305,0
3340,15809263,1
3341,15640866,1
3342,15775663,1
3343,15631800,1
3344,15654292,0
3345,15648320,0
3346,15726747,1
3347,15694510,0
3348,15572291,0
3349,15603465,0
3350,15685628,1
3351,15792729,0
3352,15767414,0
3353,15568044,0
3354,15751333,0
3355,15623062,0
3356,15713621,0
3357,15670668,0
3358,15750638,0
3359,15747878,0
3360,15726796,0
3361,15754952,0
3362,15652192,0
3363,15681924,0
3364,15763544,0
3365,15764431,0
3366,15684010,0
3367,15648881,0
3368,15733303,0
3369,15643294,0
3370,15749905,0
3371,15625175,1
3372,15643967,0
3373,15578251,0
3374,15772573,0
3375,15733234,0
3376,15721582,0
3377,15628219,0
3378,15571302,0
3379,15637178,0
3380,15601184,0
3381,15629511,0
3382,15570629,0
3383,15665766,0
3384,15693732,1
3385,15765982,0
3386,15582016,0
3387,15798024,0
3388,15588622,1
3389,15724863,0
3390,15618213,0
3391,15780411,0
3392,15725429,0
3393,15600626,1
3394,15668460,0
3395,15576263,0
3396,15720354,0
3397,15691624,0
3398,15793196,0
3399,15633352,0
3400,15750874,0
3401,15588923,0
3402,15715745,0
3403,15611800,0
3404,15576928,0
3405,15793693,1
3406,15581252,0
3407,15797760,0
3408,15790564,0
3409,15593736,0
3410,15595937,0
3411,15815628,0
3412,15782802,0
3413,15627412,0
3414,15734609,1
3415,15710689,0
3416,15565806,0
3417,15815530,0
3418,15632272,1
3419,15684103,0
3420,15654519,0
3421,15767722,0
3422,15654346,0
3423,15660147,1
3424,15814998,0
3425,15802207,0
3426,15658668,1
3427,15715079,1
3428,15570360,1
3429,15674678,0
3430,15780925,0
3431,15688193,0
3432,15778219,0
3433,15696514,0
3434,15712303,0
3435,15719090,1
3436,15735632,0
3437,15619436,0
3438,15722404,0
3439,15662063,0
3440,15745605,1
3441,15636658,0
3442,15784130,0
3443,15606755,0
3444,15801699,0
3445,15784097,0
3446,15764654,0
3447,15612092,0
3448,15610903,0
3449,15705777,0
3450,15661936,0
3451,15700864,0
3452,15722965,0
3453,15737521,0
3454,15814465,0
3455,15580988,0
3456,15789974,0
3457,15713370,1
3458,15748673,1
3459,15754919,0
3460,15641662,1
3461,15813422,0
3462,15713596,0
3463,15791216,0
3464,15689031,0
3465,15763704,0
3466,15631339,0
3467,15771509,0
3468,15769586,0
3469,15656096,0
3470,15585280,0
3471,15743582,1
3472,15761692,0
3473,15627840,0
3474,15778861,0
3475,15770554,0
3476,15806956,0
3477,15701908,0
3478,15736990,0
3479,15743714,0
3480,15807993,0
3481,15644686,0
3482,15677377,0
3483,15626412,0
3484,15643679,0
3485,15728456,1
3486,15630661,0
3487,15734044,0
3488,15705001,0
3489,15809817,0
3490,15809137,0
3491,15751593,0
3492,15626491,0
3493,15765461,0
3494,15568120,0
3495,15787161,0
3496,15812324,0
3497,15588944,0
3498,15694253,0
3499,15759566,1
3500,15675675,0
3501,15802060,0
3502,15660505,0
3503,15782630,0
3504,15700710,0
3505,15742834,0
3506,15806511,0
3507,15608166,1
3508,15614230,1
3509,15729958,0
3510,15800814,0
3511,15674727,0
3512,15657779,0
3513,15801395,0
3514,15757911,0
3515,15665340,1
3516,15787151,0
3517,15757821,0
3518,15600688,1
3519,15594878,0
3520,15569248,0
3521,15812706,0
3522,15645045,0
3523,15766746,0
3524,15700383,1
3525,15632551,0
3526,15795129,0
3527,15650545,0
3528,15612769,0
3529,15710853,1
3530,15623712,0
3531,15653251,0
3532,15755077,0
3533,15808557,0
3534,15614687,0
3535,15626882,0
3536,15748034,0
3537,15632324,0
3538,15761023,0
3539,15761453,0
3540,15646726,0
3541,15637169,0
3542,15636024,0
3543,15801218,0
3544,15642655,0
3545,15690130,0
3546,15653753,0
3547,15641359,0
3548,15776827,0
3549,15647725,0
3550,15648455,0
3551,15580629,0
3552,15730161,0
3553,15626612,1
3554,15662865,0
3555,15629094,0
3556,15651823,0
3557,15594827,1
3558,15786392,0
3559,15727353,0
3560,15733777,0
3561,15614302,0
3562,15723263,0
3563,15687270,0
3564,15803121,0
3565,15598700,0
3566,15741875,1
3567,15631709,0
3568,15672970,1
3569,15761670,0
3570,15706005,0
3571,15790336,0
3572,15754267,0
3573,15791988,0
3574,15683375,0
3575,15625151,0
3576,15635285,0
3577,15574296,0
3578,15711618,0
3579,15670943,0
3580,15634359,0
3581,15586629,0
3582,15588461,0
3583,15773221,0
3584,15664227,1
3585,15741745,0
3586,15652626,0
3587,15599410,0
3588,15571958,0
3589,15785406,0
3590,15687884,0
3591,15621685,0
3592,15628886,0
3593,15699325,0
3594,15578369,1
3595,15654156,0
3596,15707199,1
3597,15671630,0
3598,15632079,0
3599,15767921,0
3600,15573599,0
3601,15747208,0
3602,15582762,0
3603,15772528,0
3604,15755798,0
3605,15788683,0
3606,15616922,0
3607,15771855,0
3608,15601873,0
3609,15657868,0
3610,15711716,0
3611,15734246,0
3612,15792151,0
3613,15770159,0
3614,15747649,0
3615,15639357,0
3616,15738907,0
3617,15663446,0
3618,15750867,0
3619,15715939,0
3620,15763806,0
3621,15637993,0
3622,15720338,0
3623,15627162,0
3624,15596710,0
3625,15781678,1
3626,15634968,0
3627,15609475,0
3628,15573319,0
3629,15738291,0
3630,15782456,0
3631,15794841,0
3632,15684696,1
3633,15629846,0
3634,15674442,1
3635,15571689,0
3636,15730469,1
3637,15809320,0
3638,15684367,0
3639,15793049,0
3640,15603665,0
3641,15613623,0
3642,15569572,0
3643,15698791,0
3644,15626233,1
3645,15607263,0
3646,15610900,0
3647,15624775,0
3648,15691703,0
3649,15745355,1
3650,15724955,0
3651,15628999,0
3652,15654341,1
3653,15744240,0
3654,15632365,0
3655,15729689,0
3656,15759284,0
3657,15602124,0
3658,15661903,0
3659,15664668,0
3660,15736431,1
3661,15748639,1
3662,15628123,0
3663,15602731,0
3664,15794137,0
3665,15748696,0
3666,15725068,0
3667,15807340,0
3668,15586133,0
3669,15576185,0
3670,15660809,0
3671,15616666,0
3672,15706904,0
3673,15606915,0
3674,15749693,1
3675,15791743,0
3676,15796480,1
3677,15790442,0
3678,15609458,0
3679,15593897,0
3680,15604576,0
3681,15666270,0
3682,15572626,0
3683,15727197,1
3684,15714006,0
3685,15642137,0
3686,15665327,0
3687,15626806,0
3688,15662578,0
3689,15790829,0
3690,15654959,0
3691,15760244,0
3692,15715394,0
3693,15722246,0
3694,15609704,0
3695,15757628,0
3696,15633586,1
3697,15565796,1
3698,15717935,0
3699,15577700,1
3700,15747345,0
3701,15678317,0
3702,15698335,0
3703,15768451,0
3704,15753213,0
3705,15769645,0
3706,15657565,0
3707,15620323,0
3708,15679983,1
3709,15812616,0
3710,15601796,0
3711,15729489,1
3712,15613216,0
3713,15657937,0
3714,15815428,0
3715,15640409,0
3716,15699492,0
3717,15623536,0
3718,15707551,0
3719,15577999,0
3720,15788775,0
3721,15758362,0
3722,15807961,0
3723,15710978,0
3724,15703541,0
3725,15626474,0
3726,15608344,0
3727,15768367,0
3728,15806210,0
3729,15697702,0
3730,15689152,0
3731,15568573,0
3732,15689598,0
3733,15713374,0
3734,15679733,0
3735,15759274,0
3736,15607748,0
3737,15607577,0
3738,15813697,1
3739,15801125,0
3740,15777855,0
3741,15635396,0
3742,15698031,0
3743,15678944,1
3744,15718507,0
3745,15808334,0
3746,15804709,0
3747,15645835,0
3748,15738166,0
3749,15675360,0
3750,15793042,0
3751,15630106,0
3752,15810385,0
3753,15578211,1
3754,15572792,0
3755,15620030,0
3756,15783541,0
3757,15679284,0
3758,15582910,0
3759,15688337,0
3760,15734970,0
3761,15759140,0
3762,15643042,0
3763,15773868,0
3764,15615820,0
3765,15730273,0
3766,15724890,0
3767,15765952,0
3768,15685920,0
3769,15663263,0
3770,15568953,0
3771,15643361,0
3772,15699486,0
3773,15747854,0
3774,15691785,0
3775,15709004,0
3776,15652218,0
3777,15697127,0
3778,15658486,0
3779,15694160,0
3780,15685290,0
3781,15701042,0
3782,15680449,1
3783,15599860,0
3784,15723169,0
3785,15803842,0
3786,15728224,0
3787,15644174,0
3788,15707110,0
3789,15765415,1
3790,15756751,0
3791,15795151,0
3792,15632859,0
3793,15584037,0
3794,15621409,0
3795,15581102,0
3796,15578096,0
3797,15669887,0
3798,15621834,0
3799,15655341,0
3800,15685314,0
3801,15653997,0
3802,15629551,0
3803,15651264,0
3804,15760825,0
3805,15597394,1
3806,15740383,0
3807,15670562,1
3808,15698117,1
3809,15694805,0
3810,15746802,0
3811,15589428,0
3812,15790267,0
3813,15665402,0
3814,15642093,0
3815,15666181,0
3816,15602554,0
3817,15724251,0
3818,15740147,1
3819,15718289,1
3820,15763148,0
3821,15685245,0
3822,15626985,0
3823,15585823,0
3824,15728167,0
3825,15762928,0
3826,15751774,0
3827,15654733,0
3828,15809777,0
3829,15744200,0
3830,15720713,0
3831,15695356,0
3832,15653315,0
3833,15604792,0
3834,15704819,0
3835,15670859,0
3836,15602797,0
3837,15662533,1
3838,15778154,0
3839,15806230,0
3840,15662884,0
3841,15750778,0
3842,15717185,0
3843,15677804,0
3844,15568915,0
3845,15736495,0
3846,15737354,0
3847,15667889,0
3848,15577831,0
3849,15729836,0
3850,15775293,0
3851,15697597,0
3852,15639669,0
3853,15631392,0
3854,15580935,0
3855,15590344,0
3856,15653306,0
3857,15805025,1
3858,15658449,0
3859,15694450,0
3860,15605666,0
3861,15615126,0
3862,15726588,0
3863,15645095,0
3864,15808960,0
3865,15729435,0
3866,15656840,0
3867,15659149,0
3868,15585490,0
3869,15674929,0
3870,15746341,0
3871,15662091,0
3872,15620123,0
3873,15616240,1
3874,15624186,0
3875,15605036,0
3876,15805151,0
3877,15753847,0
3878,15653222,0
3879,15757541,0
3880,15726945,0
3881,15794276,0
3882,15568328,1
3883,15604355,0
3884,15735788,1
3885,15618255,0
3886,15720941,0
3887,15769110,0
3888,15576094,1
3889,15756150,0
3890,15719579,0
3891,15748854,0
3892,15612455,0
3893,15664802,0
3894,15735687,0
3895,15664734,0
3896,15767894,0
3897,15666884,0
3898,15750156,1
3899,15751120,0
3900,15575748,0
3901,15714610,0
3902,15720305,1
3903,15678129,0
3904,15566633,0
3905,15680436,0
3906,15674343,0
3907,15658890,0
3908,15599004,0
3909,15726487,0
3910,15698716,1
3911,15710527,0
3912,15655590,0
3913,15732266,0
3914,15669326,0
3915,15672246,1
3916,15620276,1
3917,15640258,0
3918,15740283,0
3919,15759717,1
3920,15620268,0
3921,15743871,1
3922,15614491,0
3923,15595047,0
3924,15732334,0
3925,15701206,0
3926,15581280,0
3927,15651943,0
3928,15609545,0
3929,15658548,0
3930,15626008,0
3931,15774133,0
3932,15763798,0
3933,15758013,0
3934,15705765,0
3935,15648362,0
3936,15761102,0
3937,15610165,0
3938,15723717,1
3939,15654611,0
3940,15659736,0
3941,15603170,1
3942,15786167,0
3943,15671915,0
3944,15794792,0
3945,15652789,0
3946,15739168,0
3947,15719950,0
3948,15743818,0
3949,15717937,0
3950,15602841,0
3951,15619972,0
3952,15796114,0
3953,15633546,0
3954,15758755,0
3955,15695168,0
3956,15754342,0
3957,15756610,0
3958,15640917,0
3959,15663164,0
3960,15616811,1
3961,15610781,0
3962,15600911,0
3963,15629603,0
3964,15714981,0
3965,15775892,0
3966,15782778,1
3967,15786643,0
3968,15595657,0
3969,15743673,0
3970,15634310,0
3971,15790809,1
3972,15668695,1
3973,15669281,0
3974,15621031,0
3975,15720071,1
3976,15792180,0
3977,15813894,0
3978,15669490,0
3979,15783030,0
3980,15695792,0
3981,15575676,0
3982,15627665,0
3983,15814092,0
3984,15695225,0
3985,15615091,0
3986,15794345,0
3987,15726484,0
3988,15650442,0
3989,15714256,0
3990,15778752,0
3991,15601659,0
3992,15602811,0
3993,15779414,0
3994,15763097,0
3995,15633666,1
3996,15718789,0
3997,15690620,0
3998,15737071,0
3999,15665062,0
4000,15600692,1
4001,15792064,0
4002,15811486,0
4003,15626141,0
4004,15738546,0
4005,15677052,0
4006,15656454,0
4007,15645496,0
4008,15612505,0
4009,15708513,0
4010,15685654,0
4011,15732307,0
4012,15726814,0
4013,15653776,0
4014,15597914,0
4015,15631603,1
4016,15789753,0
4017,15678034,0
4018,15690209,0
4019,15592091,0
4020,15647453,0
4021,15697100,0
4022,15811290,0
4023,15629187,0
4024,15758073,0
4025,15640769,0
4026,15606641,0
4027,15718280,0
4028,15764335,0
4029,15634218,0
4030,15808760,0
4031,15648461,0
4032,15593555,0
4033,15569079,0
4034,15800736,0
4035,15792607,0
4036,15640034,0
4037,15807563,0
4038,15684461,0
4039,15580134,0
4040,15679075,0
4041,15742504,0
4042,15567328,0
4043,15698294,1
4044,15607142,0
4045,15738516,0
4046,15806403,0
4047,15656707,0
4048,15653715,1
4049,15806184,0
4050,15585734,0
4051,15725639,0
4052,15618401,0
4053,15785385,0
4054,15734762,0
4055,15767129,0
4056,15797204,0
4057,15769272,0
4058,15771966,0
4059,15691952,0
4060,15593250,0
4061,15605333,0
4062,15800083,0
4063,15575691,0
4064,15689886,0
4065,15809838,1
4066,15736154,1
4067,15767391,0
4068,15704910,0
4069,15656613,1
4070,15611551,0
4071,15732430,0
4072,15741865,0
4073,15634143,0
4074,15609676,0
4075,15761600,0
4076,15676404,0
4077,15659236,0
4078,15690440,0
4079,15694601,0
4080,15812262,0
4081,15762821,0
4082,15669301,0
4083,15672640,1
4084,15750458,0
4085,15627251,1
4086,15764294,0
4087,15659962,0
4088,15788536,0
4089,15596979,0
4090,15681220,0
4091,15635097,0
4092,15780779,0
4093,15798470,0
4094,15760880,0
4095,15616929,0
4096,15758775,0
4097,15663386,0
4098,15621267,0
4099,15720509,0
4100,15693322,0
4101,15589544,0
4102,15772030,0
4103,15693337,0
4104,15676571,0
4105,15701392,0
4106,15741092,0
4107,15643865,0
4108,15769389,0
4109,15807768,0
4110,15801630,0
4111,15705034,0
4112,15763107,1
4113,15667085,0
4114,15647008,0
4115,15584505,0
4116,15748068,0
4117,15663964,1
4118,15782311,0
4119,15588197,0
4120,15610105,0
4121,15606133,0
4122,15599403,0
4123,15648225,0
4124,15608406,0
4125,15633378,0
4126,15664759,1
4127,15625545,0
4128,15772148,0
4129,15810829,0
4130,15731669,0
4131,15738634,0
4132,15737571,0
4133,15667602,1
4134,15684147,0
4135,15789874,0
4136,15757952,0
4137,15698732,0
4138,15714355,0
4139,15599090,0
4140,15762048,0
4141,15790596,0
4142,15609623,0
4143,15711901,0
4144,15779809,0
4145,15729018,0
4146,15698246,0
4147,15712409,0
4148,15758306,0
4149,15621435,1
4150,15566295,0
4151,15569098,0
4152,15662532,0
4153,15664001,0
4154,15703437,0
4155,15708003,0
4156,15599452,1
4157,15719793,0
4158,15771580,0
4159,15732268,0
4160,15722350,0
4161,15611371,1
4162,15673584,0
4163,15636396,0
4164,15706170,1
4165,15725478,0
4166,15654562,0
4167,15737509,0
4168,15690796,0
4169,15716728,1
4170,15605665,0
4171,15748481,1
4172,15757777,0
4173,15747808,1
4174,15810593,1
4175,15693376,0
4176,15579808,1
4177,15598275,0
4178,15737080,0
4179,15668580,0
4180,15569438,0
4181,15675842,0
4182,15577587,0
4183,15625592,0
4184,15635141,0
4185,15642570,0
4186,15702175,0
4187,15677785,0
4188,15786153,0
4189,15759499,0
4190,15659568,0
4191,15715597,0
4192,15610147,0
4193,15802362,0
4194,15660524,1
4195,15747168,0
4196,15796910,0
4197,15707674,0
4198,15565706,0
4199,15587596,0
4200,15751943,1
4201,15621227,0
4202,15757588,0
4203,15640922,0
4204,15567557,0
4205,15670103,0
4206,15720929,0
4207,15732774,0
4208,15628558,0
4209,15729201,1
4210,15731117,0
4211,15615207,0
4212,15773512,0
4213,15572145,0
4214,15642710,1
4215,15574213,0
4216,15718852,0
4217,15583840,0
4218,15782418,0
4219,15813504,0
4220,15711314,0
4221,15621064,1
4222,15627847,0
4223,15588090,0
4224,15735270,1
4225,15671804,0
4226,15753215,0
4227,15789941,0
4228,15691061,0
4229,15808326,1
4230,15566660,0
4231,15778947,0
4232,15632977,0
4233,15591747,0
4234,15567335,0
4235,15609299,1
4236,15669945,0
4237,15736271,0
4238,15710390,0
4239,15756481,0
4240,15736730,1
4241,15626040,1
4242,15746553,0
4243,15622518,0
4244,15684908,1
4245,15569446,0
4246,15777504,1
4247,15677906,0
4248,15703292,0
4249,15712938,0
4250,15631359,0
4251,15720847,0
4252,15787830,0
4253,15599869,0
4254,15592078,0
4255,15596228,0
4256,15578462,0
4257,15756894,0
4258,15796167,0
4259,15664808,0
4260,15664555,0
4261,15607278,1
4262,15585222,0
4263,15750299,0
4264,15761294,1
4265,15810454,0
4266,15673984,0
4267,15609319,0
4268,15709941,0
4269,15580252,0
4270,15741275,0
4271,15707132,0
4272,15600708,0
4273,15804787,0
4274,15690021,0
4275,15763895,0
4276,15623478,1
4277,15797910,0
4278,15577751,0
4279,15781777,0
4280,15740527,1
4281,15721251,0
4282,15602994,0
4283,15750769,0
4284,15740175,0
4285,15679968,0
4286,15694404,0
4287,15657529,0
4288,15762882,0
4289,15642579,0
4290,15598884,0
4291,15770185,0
4292,15800287,0
4293,15665861,0
4294,15662203,0
4295,15616454,0
4296,15702788,0
4297,15778149,0
4298,15680001,0
4299,15711991,1
4300,15633834,0
4301,15765266,0
4302,15791867,0
4303,15675380,0
4304,15770576,0
4305,15775294,0
4306,15727059,0
4307,15702499,0
4308,15611699,0
4309,15654000,0
4310,15657881,0
4311,15719991,0
4312,15720687,0
4313,15687079,0
4314,15582276,1
4315,15763980,0
4316,15720774,0
4317,15592194,1
4318,15803685,0
4319,15759456,0
4320,15611544,0
4321,15794257,0
4322,15681697,0
4323,15579566,0
4324,15577970,0
4325,15727489,1
4326,15764284,0
4327,15581811,0
4328,15622527,0
4329,15753362,0
4330,15666652,0
4331,15789714,0
4332,15771543,0
4333,15748327,0
4334,15754649,0
4335,15810460,0
4336,15771742,0
4337,15642160,0
4338,15798439,1
4339,15605293,0
4340,15692631,0
4341,15665376,0
4342,15772412,0
4343,15654577,0
4344,15585427,0
4345,15584536,1
4346,15585853,0
4347,15645271,0
4348,15579387,0
4349,15623107,0
4350,15754072,0
4351,15666163,1
4352,15765192,0
4353,15804822,0
4354,15612893,0
4355,15593636,0
4356,15693326,0
4357,15809901,0
4358,15759751,0
4359,15605425,0
4360,15801934,0
4361,15592000,0
4362,15618695,0
4363,15637110,0
4364,15727408,0
4365,15716328,0
4366,15669060,0
4367,15675854,0
4368,15621116,0
4369,15781495,0
4370,15740470,1
4371,15714391,1
4372,15730137,0
4373,15596455,0
4374,15717290,1
4375,15616555,0
4376,15659820,0
4377,15696301,0
4378,15771087,0
4379,15808831,0
4380,15812241,0
4381,15680370,0
4382,15780561,1
4383,15800784,0
4384,15715796,0
4385,15605375,0
4386,15621520,0
4387,15665460,1
4388,15801152,1
4389,15756425,0
4390,15674328,0
4391,15742404,0
4392,15757140,0
4393,15570051,1
4394,15669175,1
4395,15790324,0
4396,15691119,0
4397,15743478,1
4398,15707007,0
4399,15572547,0
4400,15567063,0
4401,15689633,0
4402,15720637,0
4403,15616859,0
4404,15766166,0
4405,15617655,0
4406,15623450,0
4407,15796612,0
4408,15795963,0
4409,15781598,0
4410,15691871,0
4411,15740345,0
4412,15662626,0
4413,15596575,0
4414,15657321,0
4415,15575955,0
4416,15743893,0
4417,15697270,0
4418,15644356,0
4419,15677586,0
4420,15571261,0
4421,15698758,0
4422,15787014,0
4423,15739857,0
4424,15774630,0
4425,15805523,1
4426,15749557,0
4427,15681180,0
4428,15742028,0
4429,15686463,0
4430,15654379,1
4431,15783629,0
4432,15751193,0
4433,15724099,0
4434,15568429,0
4435,15648967,0
4436,15664498,0
4437,15779522,0
4438,15583850,0
4439,15696539,0
4440,15760121,1
4441,15628279,0
4442,15766163,1
4443,15566467,0
4444,15639049,0
4445,15736413,0
4446,15634815,1
4447,15716381,1
4448,15708162,0
4449,15569364,0
4450,15791191,0
4451,15621205,0
4452,15704788,0
4453,15775756,0
4454,15641312,0
4455,15782531,0
4456,15724428,0
4457,15743617,0
4458,15585839,0
4459,15658158,1
4460,15637678,0
4461,15701809,0
4462,15676937,1
4463,15778975,0
4464,15710375,0
4465,15579914,0
4466,15595160,0
4467,15595391,0
4468,15630363,1
4469,15692443,0
4470,15593795,0
4471,15642824,0
4472,15683524,0
4473,15713532,0
4474,15719827,0
4475,15578435,0
4476,15723028,0
4477,15595609,0
4478,15622443,0
4479,15579112,1
4480,15648479,0
4481,15659234,0
4482,15811970,0
4483,15774192,0
4484,15595136,0
4485,15630580,0
4486,15660646,0
4487,15614365,0
4488,15776128,0
4489,15787035,1
4490,15792646,1
4491,15726832,0
4492,15773260,0
4493,15624437,0
4494,15717138,0
4495,15657317,0
4496,15626948,0
4497,15758901,0
4498,15777759,0
4499,15773322,0
4500,15697318,1
4501,15678916,1
4502,15632118,0
4503,15788118,0
4504,15788930,0
4505,15628583,0
4506,15635177,0
4507,15587690,0
4508,15627630,0
4509,15610930,0
4510,15657747,1
4511,15568006,0
4512,15751748,0
4513,15722212,0
4514,15658670,0
4515,15761654,0
4516,15812210,0
4517,15787051,0
4518,15642991,0
4519,15713769,1
4520,15605826,0
4521,15648898,0
4522,15705309,0
4523,15734202,1
4524,15658852,0
4525,15612633,0
4526,15604818,1
4527,15593900,0
4528,15624995,1
4529,15570087,0
4530,15802617,0
4531,15656029,0
4532,15739194,0
4533,15607275,0
4534,15629475,0
4535,15635034,0
4536,15756333,0
4537,15777436,0
4538,15676835,0
4539,15574206,0
4540,15613017,0
4541,15815131,0
4542,15585455,0
4543,15692929,1
4544,15758081,0
4545,15667476,0
4546,15738248,1
4547,15672152,0
4548,15673372,0
4549,15587611,0
4550,15803415,0
4551,15715673,0
4552,15655648,0
4553,15763613,0
4554,15660385,0
4555,15733261,0
4556,15796231,0
4557,15624866,0
4558,15623730,0
4559,15668248,0
4560,15694518,0
4561,15638028,0
4562,15795895,0
4563,15694376,0
4564,15669204,0
4565,15773779,0
4566,15580682,0
4567,15768530,0
4568,15672875,0
4569,15617082,0
4570,15760514,0
4571,15761775,1
4572,15799964,0
4573,15693906,0
4574,15739514,0
4575,15756926,0
4576,15770984,0
4577,15703979,0
4578,15801821,0
4579,15711028,0
4580,15791842,0
4581,15746127,0
4582,15663625,0
4583,15604891,0
4584,15589666,1
4585,15627881,0
4586,15664895,0
4587,15676094,0
4588,15761720,0
4589,15611961,0
4590,15680167,1
4591,15762543,0
4592,15658475,0
4593,15779743,0
4594,15661532,0
4595,15782360,1
4596,15767908,0
4597,15677105,0
4598,15641474,0
4599,15624451,0
4600,15577985,0
4601,15571666,0
4602,15783691,0
4603,15671172,0
4604,15731760,0
4605,15585599,0
4606,15784958,0
4607,15734524,0
4608,15614103,0
4609,15794895,0
4610,15772381,0
4611,15710553,0
4612,15649292,0
4613,15792565,0
4614,15718245,0
4615,15703117,0
4616,15758136,0
4617,15799932,0
4618,15633516,0
4619,15622532,0
4620,15798960,1
4621,15698664,0
4622,15703614,0
4623,15699195,0
4624,15710543,0
4625,15695499,0
4626,15622321,0
4627,15715744,1
4628,15788151,0
4629,15687153,0
4630,15684958,0
4631,15706116,0
4632,15740557,0
4633,15707291,0
4634,15583353,1
4635,15761024,0
4636,15630709,0
4637,15639590,0
4638,15659399,0
4639,15567078,0
4640,15696373,0
4641,15786617,0
4642,15657449,1
4643,15672594,0
4644,15714240,0
4645,15782144,0
4646,15665008,0
4647,15581733,1
4648,15751392,0
4649,15785815,0
4650,15664214,0
4651,15579996,0
4652,15675252,0
4653,15579617,0
4654,15593976,0
4655,15716041,0
4656,15654489,0
4657,15736302,1
4658,15805909,0
4659,15572762,1
4660,15724632,0
4661,15670416,0
4662,15749528,0
4663,15578783,0
4664,15580719,0
4665,15656293,0
4666,15691875,0
4667,15596870,1
4668,15780770,0
4669,15751491,0
4670,15706200,0
4671,15808674,1
4672,15641411,0
4673,15764661,0
4674,15689492,0
4675,15602405,0
4676,15610271,0
4677,15791780,0
4678,15589147,1
4679,15756975,0
4680,15729582,0
4681,15742971,0
4682,15568046,0
4683,15694890,1
4684,15736963,0
4685,15646490,0
4686,15607314,0
4687,15576745,0
4688,15669606,0
4689,15737832,0
4690,15681990,0
4691,15758050,0
4692,15787848,0
4693,15713594,0
4694,15588186,1
4695,15786739,0
4696,15699467,0
4697,15680706,0
4698,15645717,0
4699,15748597,0
4700,15773709,0
4701,15629787,0
4702,15661007,0
4703,15686812,0
4704,15754113,0
4705,15749489,1
4706,15574352,0
4707,15701281,0
4708,15811985,0
4709,15713505,0
4710,15685653,1
4711,15758831,0
4712,15618774,0
4713,15764448,0
4714,15611024,0
4715,15738220,1
4716,15805764,0
4717,15580487,0
4718,15675787,0
4719,15583580,0
4720,15780654,1
4721,15695034,0
4722,15805671,0
4723,15790658,0
4724,15578648,0
4725,15734987,0
4726,15721740,0
4727,15641822,0
4728,15765650,0
4729,15788556,0
4730,15576550,0
4731,15622230,0
4732,15653937,0
4733,15743538,0
4734,15591740,0
4735,15650086,0
4736,15718773,0
4737,15615140,0
4738,15644361,0
4739,15774536,0
4740,15618661,0
4741,15605020,0
4742,15762134,1
4743,15685279,0
4744,15582849,1
4745,15655410,0
4746,15649129,1
4747,15702380,0
4748,15759067,0
4749,15683027,1
4750,15597487,0
4751,15763256,0
4752,15620111,1
4753,15623053,1
4754,15595592,0
4755,15740072,0
4756,15778005,0
4757,15583278,0
4758,15601263,0
4759,15709222,0
4760,15713949,0
4761,15717706,0
4762,15756071,0
4763,15696564,0
4764,15657637,0
4765,15755863,0
4766,15719858,1
4767,15688876,0
4768,15698528,1
4769,15770345,0
4770,15761506,0
4771,15716619,0
4772,15788367,0
4773,15709451,1
4774,15640421,0
4775,15580068,0
4776,15677123,0
4777,15619801,0
4778,15582246,0
4779,15711843,1
4780,15680046,0
4781,15804131,0
4782,15722611,0
4783,15729224,0
4784,15811588,1
4785,15702138,0
4786,15749799,0
4787,15752885,0
4788,15674932,0
4789,15743828,0
4790,15642022,0
4791,15746461,1
4792,15809991,0
4793,15787322,0
4794,15575498,0
4795,15691387,0
4796,15765457,0
4797,15666173,1
4798,15627377,1
4799,15656683,0
4800,15679810,0
4801,15606310,0
4802,15756871,0
4803,15610002,0
4804,15567802,0
4805,15745452,0
4806,15617252,0
4807,15753248,0
4808,15610755,0
4809,15662238,0
4810,15799186,0
4811,15686941,0
4812,15601172,0
4813,15723858,0
4814,15615896,0
4815,15737647,0
4816,15582841,0
4817,15760090,0
4818,15588587,0
4819,15683157,0
4820,15694209,0
4821,15655875,1
4822,15805704,0
4823,15744789,0
4824,15799357,0
4825,15726153,0
4826,15713346,0
4827,15665053,0
4828,15592379,0
4829,15692599,1
4830,15620758,0
4831,15637428,0
4832,15808389,0
4833,15807003,1
4834,15702912,0
4835,15590623,0
4836,15728078,0
4837,15708256,0
4838,15582335,0
4839,15649150,1
4840,15691647,0
4841,15668270,0
4842,15624820,0
4843,15736254,0
4844,15720814,0
4845,15642997,0
4846,15693200,0
4847,15624596,0
4848,15807167,0
4849,15660301,1
4850,15593094,0
4851,15618239,0
4852,15574137,0
4853,15614740,0
4854,15574071,0
4855,15671148,0
4856,15721921,0
4857,15717995,0
4858,15632050,0
4859,15647111,1
4860,15759991,1
4861,15790204,0
4862,15686780,1
4863,15640491,0
4864,15783225,1
4865,15734438,1
4866,15688760,1
4867,15768124,0
4868,15661330,0
4869,15781272,0
4870,15573888,0
4871,15575858,0
4872,15645937,0
4873,15702337,0
4874,15764537,0
4875,15619616,0
4876,15585133,0
4877,15573971,0
4878,15579433,0
4879,15777045,0
4880,15611580,0
4881,15614778,0
4882,15771750,0
4883,15593280,0
4884,15569274,0
4885,15654408,1
4886,15657468,0
4887,15614213,0
4888,15589869,0
4889,15693205,0
4890,15797113,0
4891,15676958,0
4892,15739592,0
4893,15656263,0
4894,15636872,0
4895,15589435,0
4896,15640464,0
4897,15723851,0
4898,15722122,1
4899,15696852,0
4900,15634936,0
4901,15575935,0
4902,15634491,0
4903,15628530,0
4904,15678720,0
4905,15627999,0
4906,15571244,0
4907,15739931,0
4908,15806256,0
4909,15787258,0
4910,15706463,0
4911,15691004,0
4912,15792228,1
4913,15733447,0
4914,15679062,0
4915,15594409,0
4916,15613816,0
4917,15681991,0
4918,15796074,0
4919,15625941,0
4920,15615016,0
4921,15748414,0
4922,15751203,0
4923,15662658,0
4924,15574868,0
4925,15790282,0
4926,15762927,0
4927,15803456,0
4928,15771857,0
4929,15700601,0
4930,15569670,0
4931,15772341,0
4932,15661548,0
4933,15787597,0
4934,15806913,0
4935,15804862,0
4936,15792986,0
4937,15625632,0
4938,15727703,0
4939,15606273,0
4940,15799652,0
4941,15715047,0
4942,15784687,0
4943,15615322,0
4944,15722072,0
4945,15646784,0
4946,15644692,0
4947,15670354,0
4948,15716357,0
4949,15786717,1
4950,15771383,0
4951,15649793,0
4952,15731543,0
4953,15684516,0
4954,15677249,0
4955,15581525,0
4956,15628420,0
4957,15600478,1
4958,15594502,1
4959,15784361,0
4960,15767626,0
4961,15632521,0
4962,15665088,0
4963,15652084,0
4964,15574761,0
4965,15729515,1
4966,15682070,1
4967,15743817,1
4968,15572158,0
4969,15584477,0
4970,15614893,0
4971,15665963,0
4972,15612524,0
4973,15596962,1
4974,15744942,0
4975,15573278,1
4976,15717056,0
4977,15795881,0
4978,15758939,0
4979,15792250,0
4980,15740406,0
4981,15768137,0
4982,15569120,0
4983,15723721,0
4984,15777122,0
4985,15742681,1
4986,15582090,0
4987,15711254,0
4988,15775067,1
4989,15602851,0
4990,15802857,0
4991,15701175,0
4992,15783019,0
4993,15728912,0
4994,15585580,1
4995,15583480,0
4996,15620341,1
4997,15613886,0
4998,15792916,0
4999,15792916,0
